url;
https://kbbi.co.id/arti-kata/bandar;
https://hubud.kemenhub.go.id/hubud/website/bandara;
https://www.kamusbesar.com/bandar;
https://id.wiktionary.org/wiki/bandar;
https://olret.viva.co.id/life/23823-membongkar-mitos-bandar-di-pasar-saham-siapa-mereka-sebenarnya-dan-bagaimana-investor-ritel-menyikapinya;
https://jmt.web.id/akademi/level-1/bandar-itu-siapa-mitos-vs-fakta/;
https://kbbi.web.id/-+bandar;
https://www.presidensloot.net/;
https://bandarslotoplay.com/;
https://bandarbintang.com/register;
https://purenetent.com/daftar-agen-slot-online-resmi-dan-berlisensi-di-indonesia/;
https://bandarsloto.com/;
https://tegalmasuk.id/;
http://togelterbesar.com/;
https://kangjitu.org/;
https://villatogel.id/;
https://panahword.com/;
https://ib.tazkia.ac.id/blog/prediksi-skor-prancis-vs-argentina-siapa-yang-akan-menang-1764808989;
https://www.pikiran-rakyat.com/bola/pr-015985480/prediksi-skor-argentina-vs-prancis-simak-statistik-rekor-pertandingan-dan-susunan-pemain-lengkap?page=all;
https://www.fotmob.com/id/matches/argentinie-vs-frankrijk/1hox8a;
https://banjarmasin.tribunnews.com/2022/12/18/prediksi-argentina-vs-prancis-versi-beberapa-bandar-besar-dunia-sejarah-ke-blues-messi-favorit;
https://www.nazava.com/blog/prediksi-piala-dunia-argentina-vs-prancis/;
https://wiki.dero.io/wiki/index.php/10_Trusted_Togel_Sites_Worth_Checking_Out_For_Your_Next_Bet;
https://robintogel.com/;
https://yatogel.com/;
https://allaboutapps.co/2025/05/08/10-bandar-togel-terbaik/;
https://bktoto.com/;
https://mallonline.id/review-bandar-togel-terpopuler-di-indonesia-mana-yang-paling-unggul/;
https://qigong.com/situs-togel-terbaik-di-indonesia-review-dan-rekomendasi-2/;
https://alright.id/situs-togel-terbaik-2025-rekomendasi-untuk-pemain-indonesia/;
https://harazd.net/2025/06/16/10-daftar-bandar-togel-terpercaya/;
https://yoktogel.com/;
https://morningdough.com/id/ai-tools/slot-apps-that-pay-real-money/;
https://artikel.bibit.id/lifestyle1/tahukah-kamu-apa-itu-slot-dan-bagaimana-mekanismenya;
https://www.gengtotolink.com/;
https://linklist.bio/gengtotolink;
https://geng82479.com/how-to-play;
https://gengtoto.app/;
https://gengtoto007.it.com/;
https://gengtoto02.site/;
https://gengtot.com/;
https://raja168l.ink/;
https://raja168.co/about-us/;
https://bprs-mrb.co.id/raja168/;
https://rajacor.net/;
https://slotraja168.com/;
https://rajaslot.com/;
https://rajacor.org/;
https://apk-rajamahjong.com/;
https://www.mpopelangi.vip/;
https://www.mpopelangi.center/;
https://www.mpopelangi.pro/;
https://www.mpopelangi.lat/;
https://mpopelangi.com/;
https://www.mpopelangi.blog/;
https://www.mpopelangi.biz/;
https://www.slotgacormpopelangi.com/faq/;
https://www.mpopelangi.world/;
https://link-mpopelangi.digital/;
https://mb001.mahabet77.store/;
https://mahabet1.com/;
https://www.mahabet.net/sp-slot.html;
https://mahabet88s.com/;
https://mahalbet.org/;
https://777mahabet.com/;
https://slotcatalog.com/en/slot-themes/777-slots;
https://www.777.com/home/;
https://www.slotsup.com/free-slots-online/777;
https://www.slotsmate.com/themes/777;
https://gocsudefenders.com/hoki99/;
https://www.hoki99link.com/;
https://hokiplay99link.com/;
https://hoki99.id/hoki99-situs-judi-online-terpercaya-untuk-penggemar-taruhan/;
https://hokislot-99.com/;
http://154.19.122.95/hoki99/;
https://hoki99.app/hoki99-login/;
https://99-hoki.com/;
https://hoki69.com/;
https://plus.kapanlagi.com/arti-kata-gacor-dalam-bahasa-gaul-punya-makna-tersendiri-di-kalangan-ojol-673b0f.html;
https://www.diadona.id/d-stories/arti-kata-gacor-240802p.html;
https://www.pooc.org/arti-gacor/;
https://sumsel.tribunnews.com/2023/11/17/arti-kata-gacor-dalam-kamus-bahasa-gaul-begini-makna-asli-dan-contoh-kalimatnya;
https://www.idxchannel.com/milenomic/benarkah-gacor-adalah-ungkapan-sesuatu-luar-biasa;
https://www.hqtoto805.org/services/;
https://www.hqtoto805.lat/;
https://igtoto.com/;
https://hqtoto.blog/;
https://hqtoto805.blog/situs-gacor-terbaru-2025-platform-slot-online-resmi-dengan-peluang-maxwin-terbesar-di-hqtoto805/;
https://thearbco.com/link-slot-gacor-thailand-akses-resmi-anti-blokir-untuk-maxwin-di-hqtoto805/;
https://hqtoto1.com/;
https://jackpot86.id/;
https://www.microvip88-id.com/tag/gacor.html;
https://microvip88.host/;
https://microvip88.com/microvip88-situs-slot-gacor-gampang-menang-terpercaya/;
https://www.microvip88.asia/;
https://www.microvip88.now/;
https://micro88.vip/;
https://www.sga898cf.com/;
https://microvip88.cam/tentang/;
https://pastelink.net/ie2yq6on;
https://www.marketmedianews.com/blog/slot-gacor-hari-ini-todays-best-slots-to-play-and-win/;
https://sultangacoroke2.com/;
https://megatrends.id/cara-memilih-situs-gacor-yang-legal-dan-aman/;
https://priangga.co.id/-/rajadewa138/;
https://retizen.republika.co.id/posts/697645/keseruan-bermain-slot-gacor-di-situs-slot-online-terbaik-hari-ini;
http://yugiyahirano.com/perbandingan-situs-gacor-berdasarkan-waktu-kapan-platform-tertentu-lebih-menguntungkan/;
https://provip805.pro/;
https://provip805.bet/;
https://provip805.id/;
https://provip805.center/;
https://pvp805.com/;
https://www.provip805.lat/;
https://provip805.org/situs-slot-gacor-hari-ini-terbaik-resmi-di-provip805/;
https://provip805.store/;
https://provip-805.net/;
https://pvp805.net/situs-gacor-terpercaya-2025-bersama-provip805/;
https://wheelofnames.com/;
https://spinthewheel.io/;
https://levvvel.com/coin-master-free-spins-coins/;
https://www.nodeposithero.com/free-spins/;
https://www.safespin.com/free-spins-bonuses/;
http://www.spinzywheel.com/;
https://heyspinner.com/;
https://freespin.com/;
https://time2play.com/casinos/bonuses/free-spins/;
https://freespin.co.id/cara-mudah-mendapatkan-free-spin-lebih-sering-tanpa-modal-besar/;
https://poker88arena.com/;
https://masterkiu.id/tips-menemukan-spin-gratis-di-event-slot/;
https://www.jguru.com/id/free-spins-real-wins-making-the-most-of-no-deposit-bonuses-in-slots/;
https://indototo.id/2025/12/01/fitur-free-spin-cara-kerja-dan-tips-menggunakannya/;
https://poker88wins.com/;
https://www.slotogram.com/id/putaran-gratis-tanpa-setoran-kasino-top/;
https://impro.id/situs-slot-yang-memberikan-free-spin-terbesar-di-indonesia/;
https://www.silvergames.com/do/t/slot;
https://casinomentor.com/free-spins-bonuses;
https://jackpotland.id/rekomendasi-slot-online-dengan-fitur-free-spins-dan-multiplier/;
https://news.ratushop.id/articles/lucky-spin-free-fire-gratis-ini-cara-dapat-bundle-skin-and-item-langka-tanpa-boros-diamond;
https://gogogo.id/blog/games/free-fire/cara-spin-ff-gratis;
https://www.oneesports.id/free-fire/cara-dapat-spin-garena-free-fire-gratis/;
https://www.lapakgaming.com/blog/id-id/fps-cara-spin-ff-free-fire-gratis-benar-bisa-dapat-dm/;
https://gopay.co.id/games/blog/lucky-spin-free-fire;
https://www.caramantap.com/2023/05/free-fire-lucky-spin-cara-mendapatkan-hadiah-gratis.html;
https://style.kontan.co.id/news/redeem-code-free-fire-terbaru-siamk-cara-klaimnya-bisa-dapat-kesempatan-spin-gratis;
https://www.freeextrachips.com/bonuses/free-spins/no-deposit/;
https://www.freespinstracker.com/no-deposit/;
https://www.betbrain.com/free-spins-no-deposit;
https://www.spinmybonus.com/free-spins-no-deposit;
https://casino.help/bonus-type/no-deposit/free-spins/;
https://kokemoon.com/perbandingan-bonus-free-spin-situs-slot-mana-yang-paling-ramah-pemula/;
https://slotogram.com/id/ada-bonus-deposit/;
https://www.bitcoin.com/id/gambling/casino/no-deposit-bonus/;
https://thecasinowizard.com/bonuses/free-spins-no-deposit/;
https://cahaya.kompas.com/aktual/26D03210210690/judi-online-kian-marak-ini-penjelasan-lengkap-hukum-dan-dampaknya-dalam-islam;
https://www.alodokter.com/judi-online-kenali-bahaya-ciri-ciri-kecanduan-dan-penanganannya;
https://katadata.co.id/digital/teknologi/66a89a6a0149b/daftar-10-aplikasi-judi-online-paling-sering-dipakai-di-indonesia;
https://marinews.mahkamahagung.go.id/artikel/memberantas-judi-online-0dw;
https://www.halodoc.com/artikel/berantas-judi-online-ini-ciri-ciri-kecanduan-dan-penanganannya;
https://nasional.kontan.co.id/news/apindo-judi-online-hingga-barang-ilegal-jadi-penggerus-penerimaan-pajak;
https://wetv.vip/id/play/o0840606rk0-Dewa_judi_tidak_pernah_kehilangan_tangan%2C_tidak_ada_yang_bisa_menang!;
https://bahasfilm.id/dewa-judi/;
http://indobet88play.com/;
https://indobet888.info/;
http://indobet88mobi.net/;
http://indobet88gacor.com/;
https://www.indobets88.net/;
https://bjshengr.com/;
https://www.indobet88id.com/;
https://gigalink.me/indobet88;
http://154.19.126.3/indobet88/;
https://indobet88store.net/;
https://sbobet.gold/;
https://www.spbo.com/en/;
http://www.wbsbobet.com/;
https://sbobetcity.com/;
https://ssh2.sbobet.com/;
https://sbobet.limited/;
https://www.mahabet.com/;
https://www.maha168.cc/register.html;
https://www.maha8.com/alfternatif-maha168/;
https://mahaindo.com/;
https://maha168.net/;
http://167.99.76.13/maha168/;
https://mahaset.com/;
https://mahabet.co/website-judi-online/;
https://www.bukamaha.info/;
https://ngarti.com/mengenal-apa-itu-jackpot-dan-contohnya-dalam-kehidupan-modern/;
https://bo3.gg/games/articles/what-is-the-jackpot-number-today-adopt-me;
https://arest.web.id/content/daebak-pocha-jackpot-ktv;
https://www.kompas.com/tag/jackpot;
https://spotlight.indozone.id/movie/464986590/sinopsis-jackpot-dan-jajaran-pemainnya-film-terbaru-john-cena-dan-awkwafina;
https://www.babla.co.id/bahasa-inggris-bahasa-indonesia/jackpot;
https://moovitapp.com/index/id/Tranportasi_Umum-Jackpot-Jakarta-site_143216615-2044;
https://medan.tribunnews.com/2024/12/23/polda-sumut-musnahkan-209-mesin-judi-hasil-penindakan-di-deli-serdang;
https://sumutpos.jawapos.com/sumatera-utara/2507290017/viral-gedung-sd-negeri-dijadikan-tempat-penyimpanan-mesin-judi-tembak-ikan;
https://indigonews.id/2025/06/10/judi-mesin-slot-tembak-ikan-jackpot-di-desa-baru-dan-kabero-garden-diduga-dilindungi-polsek-pancur-batu/;
https://lingga.pikiran-rakyat.com/berita/pr-3788907560/game-over-mesin-judi-jackpot-tembak-ikan-dimusnahkan-di-sumut;
https://www.waspada.id/sumut/judi-jackpot-dan-tembak-ikan-merajalela-kapolres-binjai-tutup-mata/;
https://nagaikan.com/;
https://regional.kompas.com/read/2025/07/31/103528678/video-viral-mesin-judi-disimpan-dalam-sekolah-di-langkat-polisi-angkat;
https://medan.viva.co.id/sumut/8056-ratusan-mesin-judi-hasil-tangkapan-selama-2024-dimusnahkan-685-tersangka-ditangkap;
https://metrorakyat.com/2023/09/lokasi-judi-tembak-ikan-terbesar-di-marelan-diduga-milik-ak-mulai-eksis/;
https://banjoo.id/blog/12-aplikasi-penghasil-uang-rp100-ribu-per-hari-terbukti-membayar-legal-aman/;
https://gayo.pikiran-rakyat.com/ekbis/pr-4069577895/15-aplikasi-penghasil-uang-terbaru-2025-main-game-dapat-saldo-dana-gratis;
https://anakhiv.id/berita-multifinance/061945446/13-aplikasi-dan-game-penghasil-uang-resmi-dan-langsung-cair-ke-saldo-dana-2026/;
https://www.goodnewsfromindonesia.id/2025/06/15/5-aplikasi-penghasil-uang-dari-pemerintah-resmi-berizin-ojk;
https://athomeinamerica.com/kisah-pemenang-togel-terbesar-5-tahun-terakhir-di-asia-tenggara-dari-vietnam-hingga-singapura/;
https://purecalculators.com/id/lottery-jackpot-calculator;
https://www.jackpot-4d.net/;
https://id.lotterypros.com/;
https://togeljackpot.id/;
https://trikmainpoker.net/jackpot-terbesar-di-indonesia-mengungkap-kisah-para-pemenang/;
https://www.pgb20.com/;
https://hotnews.or.id/detail.php?post=kemenangan-togel-terbesar-di-dunia-sejarah-jackpot-fantastis-yang-bikin-heboh;
https://www.genkaya.id/agen-togel-besar-dengan-hadiah-jackpot-4d-terbesar/;
https://etaswek.com/daftar-pasaran-togel-paling-sering-temu-jackpot/;
https://duniajackpot.online/;
https://onlineloteria.com/id/;
https://perhitunganparlay.com/;
https://calculatormixparlay.com/;
https://onlinetoolkit.co/id/kalkulator-parlay/;
https://deeppurpleindonesia.com/parlay-itu-apa-artinya-penjelasan-lengkap-untuk-pemula/;
https://goofibooks.com/panduan-lengkap-parlay-dari-pemula-hingga-pro/;
https://www.gaming.net/id/what-is-a-parlay-bet/;
https://www.t4tap.online/id-id/promotions/indonesia/taruhan-parlay-abadi-judi-bola-olahraga-indo;
https://dorogoe.com/penjelasan-taruhan-parlay-cara-kerja-jenis-dan-tips-menang/;
https://bullishspider.id/perbedaan-judi-bola-handicap-over-under-dan-mix-parlay/;
https://skortajam.com/;
https://footystats.org/id/predictions;
https://mixparlay.co.id/prediksi-bola/;
https://parlaybola.org/category/prediksi-parlay/;
https://live.jayaparlay.net/;
https://live.parlayjaya.com/;
https://otakbola.com/category/prediksi-parlay-hari-ini/;
https://goalparlay.com/;
https://netbola1.com/category/prediksi-parlay/;
https://jasaparlay.net/;
https://linkpilarbola.com/;
https://pilarbola.net/;
https://bolapro.net/;
https://kakabola.com/;
https://sibola.net/;
https://parlay88.com/;
https://www.gayamixparlay.com/;
https://on-bola.com/;
https://globalbola.co/;
https://www.parlay3650.net/;
https://jdmspecengines.com/;
https://manilabet365.com/;
https://indobet365.games/;
https://parlay365.net/about-us/;
https://casino365.id/berapa-tim-minimum-dan-maksimum-dalam-judi-bola-parlay/;
https://tanyabola.com/;
https://parlaypedia.com/tournament/ulasan-lengkap-tentang-parlay-oleh-parlaypedia/;
https://oke365.com/;
https://obsession.id/apa-itu-taruhan-bola-dan-bagaimana-cara-bermainnya/;
https://1xbet.com/id/live;
https://www.188bet.global/id-id;
https://188bet.org/id-id/promotions;
https://liga188.delivery/;
https://www.casino.com/id/188bet/;
https://ini188apk.com/aboutus;
https://www.188gamepro.com/id-id/promotions/indonesia/bonus-deposit-pertama-judi-online-188bet;
https://www.lintasbol88.com/2025/07/188bet-berubah-nama-menjadi-taptap.html;
https://www.188bet.game/id-id?action=login;
https://qq188ojk.com/vi/Home;
https://www.188betlive.com/;
https://www.ayobandung.com/olahraga/pr-795995073/prediksi-dan-bursa-taruhan-portugal-vs-maroko-link-live-streamingdanhead-to-head;
https://www.ayocirebon.com/olahraga/pr-946004125/bursa-taruhan-dan-prediksi-skor-portugal-vs-maroko-lengkap-dengan-link-nonton-streaming;
https://edisiindonesia.id/2022/12/10/bursa-taruhan-dan-prediksi-skor-maroko-vs-portugal-cristiano-ronaldo-cs-mudik/;
https://aauu.com.tw/aauu/02e271/2025-Bursa/edf27c;
https://www.urbanfonts.com/jogo-2024-08-062qeh0nm4un.html;
https://plamosoku.com/enjyo/index.php?title=Bursa_Taruhan_Judi_Serta_Prediksi_Poin_Portugal_Vs_Maroko_Komplet_Dengan_Link_Nonton_Streaming;
https://siap.jakarta.bawaslu.go.id/?negara=BURSA-TARUHAN-BOLA-MAROKO-VS-PORTUGAL;
https://portalsulut.pikiran-rakyat.com/olahraga/pr-855953992/prediksi-dan-head-to-head-maroko-vs-portugal-perempat-final-piala-dunia-2022-ditentukan-lewat-adu-pinalti;
https://gamblingngo.com/id/betting-sites/morocco/;
https://www.asianbookie.com/;
https://www.noos.co.id/bursa-taruhan-bola-handicap-panduan-lengkap-dalam-bertaruh-di-dunia-sepak-bola-18716.html;
http://www.asiabookie.info/;
https://www.sbobet.com/id;
https://ufabet-id.club/sepak-bola/jenis/handicap/strategi-taruhan-handicap/;
https://www.footballant.com/id/prediction;
https://www.ufabro.com/taruhan-handicap/;
https://easymixers.com/panduan-lengkap-handicap-bola-untuk-pemula/;
https://1win.com/id/betting;
https://www.sportscasting.com/gambling/international/indonesia/situs-judi-bola/;
https://stake.com/id/sports/home;
https://betimate.com/id;
https://vip-asbola.com/;
https://www.arahbola.com/;
https://www.newsbtc.com/soccer-betting-indonesia/;
https://id.johnnybet.com/semua-tentang-taruhan-bola;
https://www.datahk.online/;
https://www.livedrawjakarta.com/;
https://indonesia-toto.id/result;
https://livedraw-colok.com/;
https://livesdypools.org/;
https://w.hasilresult.pro/;
https://livedrawpedia.com/;
https://togelalam.com/;
http://livehongk.com/;
https://livehkpools.org/;
https://liveresult.co/result-hk/;
https://www.livedrawhongkong.org/;
https://www.hk-livedraw.it.com/;
https://www.livedraw.hk/;
https://live-draw-hk-lotto.com/;
https://www.akiprediksi.com/;
https://jurnalfakta.com/buku-tafsir-mimpi-erek-erek-2d/;
https://carakami.com/buku-mimpi-2d-bergambar-00-99-lengkap/;
https://totocx.com/togel/buku-mimpi/;
https://www.pengetahuan.id/erek-erek-2d-3d-4d-lengkap/;
https://rooma.id/buku-mimpi-2d-bergambar-lengkap-00-99-dan-erek-erek-2d;
https://www.buatgame.com/togel/buku-mimpi;
https://www.resultharian.com/2020/07/buku-mimpi-2d.html;
https://dosenpintar.com/buku-mimpi-3d-abjad/;
https://www.nitroplay.biz/togel/pasaran/SG;
https://4dnumber.net/ms/singapore;
https://www.livesgppools.org/;
https://sg.gidapp.com/lottery/sp/4d/id;
https://www.yelu.sg/lottery/results/singapore-pools-4d;
https://sg4dpools.com/;
http://togelsumo.com/home/result/256/Singapura;
https://sporela.com/tools/4d-result;
https://www.singaporepools.com.sg/en/product/pages/4d_results.aspx;
https://www.livedrawhk.fun/;
https://hk.data-5d.com/;
https://ozoratoto.com/live-draw-hk/;
https://datahk.company/;
https://cekpengeluaran.com/hongkong.html?slug=hongkong;
https://ww2.hasilpengeluaran.net/keluaran-togel-hongkong-hari-ini.html?slug=keluaran-togel-hongkong-hari-ini;
https://hkpools.livedraw.asia/home;
https://resulthktercepat.org/;
https://datahk.id/;
https://hongkonglive.com/result;
https://maxwinofficials.com/;
https://www.maxwinmy.com/en-my/home;
https://www.maxwin88.net/;
https://139.162.53.39/;
https://maxwin.today/;
https://maxwinofficial.vip/;
https://maxwinofficial1.com/;
https://maxwinboss.id/;
https://maxwin365.co/;
https://spinpintar.com/pola-gampang-maxwin-gates-of-olympus-di-konohatoto78/;
https://banditwin.com/;
https://maxwin266.org/;
https://antirungkat.com/;
https://nagakuda138slot.com/;
https://pingtaimachine.com/daftar-slot-gacor-anti-rungkat-gampang-maxwin-tanpa-drama/;
https://mentol4dgacor.org/;
https://studiopacot.com/MAXWIN168/;
https://colaborea.id/10-situs-slot-gacor-dengan-turnover-bonus-tertinggi-bulan-ini/;
https://tererenews.com/rekomendasi-slot/daftar-slot-paling-gacor-hari-ini-tips-menang-dan-panduan-daftar-untuk-pemula/;
https://bandarbounty.id/rekomendasi-slot-gacor-hari-ini-dari-komunitas/;
https://www.maxwin25.live/;
https://pragmaticgaming.com/5-slot-gampang-maxwin-yang-wajib-dicoba-pemain-indonesia/;
https://brightpath.id/mengapa-maxwin288-dinobatkan-sebagai-raja-slot-gacor-indonesia/;
https://topslot88indo.site/;
https://nagarp.net/;
https://digitaleksplorasi.com/jelaskan-apa-itu-rtp-dan-rtk/;
https://www.geeksforgeeks.org/computer-networks/real-time-transport-protocol-rtp/;
https://www.pchardwarepro.com/id/cara-kerja-protokol-rtp/;
https://www.wikiwand.com/id/articles/Real-time_Transport_Protocol;
https://rtp.or.id/program-kerja/;
https://www.empatpilar.com/perbedaan-antara-rtp-dan-rtcp/;
https://peraturan.bpk.go.id/Download/95684/Lampiran%20IV_RTP.pdf;
https://developer.mozilla.org/en-US/docs/Web/API/WebRTC_API/Intro_to_RTP;
https://ruco-news.github.io/Today/;
https://rtplivetertinggi.com/;
https://rtpslotasia.org/;
https://rtpslot.company/;
https://eventgacor.id/slot-gacor-hari-ini.html;
https://wantedthegame.com/rtp;
https://cloopcard.com/blog/rtp-slot-live-update;
https://www.kowe99rtp.com/;
https://zonaputar.com/2025/08/14/rtp-live-pragmatic-hari-ini-game-terbaik/;
https://m.rtpwali.com/;
https://rtp-amper88.com/;
https://tanganjudi.datapusatrtp.com/;
https://zonaspin.id/fakta-mitos-tentang-rtp-live-apa-yang-sebenarnya-terjadi-di-balik-angka/;
https://rtplive.ai/game-categories/slots/;
https://nragrup.co.id/news/memahami-pergerakan-sistem-kasino-online-berdasarkan-rtp-live.html;
https://rivan.id/rtp-live-slot-gacor-vs-rtp-default-cara-membedakan-bocoran-asli/;
https://mnglint.com/rtp-dan-rtp-live-itu-apa-sih-ini-bedanya-dan-cara-bacanya/;
https://boysofhongkong.id/rtp-live-dalam-judi-online-apa-yang-membuatnya-begitu-penting/;
https://markastotodaftar.sgp1.digitaloceanspaces.com/rtp-slot/pragmatic-play.html;
https://mez.ink/markastotortp;
https://www.demoslot.com/id/rtp-live-slots/;
https://rtprajasloto.asia/;
https://bit.ly/m/MARKASTOTO-OFFICIAL;
https://69.57.162.104/;
https://kcaselawyer.com/rebahan/?link=markastoto;
https://www.mpotus.com/markastoto-11;
https://rtpmaktoto7.xyz/;
https://agusbet.co/;
http://162.0.209.15/pragmatic;
https://newurbanfarmers.org/rtp-agusbet/;
https://dps.gramedia.com/Wiki/jayatoto-pediae93f821f-b250-4dc7-9cc8-c696b41b72db.html;
https://www.agusbet.net/;
https://sprandco.com/web/?id=rtp+agusbet+live;
https://bitcasino.io/live-rtp;
https://www.aebn.com/;
https://adultvisor.com/best-adult-vod-sites/;
https://stripchat.com/;
https://sexualalpha.com/best-adult-streaming-service/;
https://id.nudelivestreams.com/;
https://camsoda.sex/id/;
https://id.liveporn.tv/;
https://id.xham.live/;
https://id.xhamsterlive.com/couples/indonesian;
https://567tvid.com/;
https://17.live/;
https://jonitv.com/;
https://www.kepotimes.id/2025/12/10-rekomendasi-aplikasi-film-dewasa-18.html;
https://jabarekspres.com/berita/2024/07/16/10-aplikasi-live-streaming-dewasa-indonesia-dan-luar-negeri-tanpa-bayar/;
https://www.androidponsel.com/channel-tv-luar-negeri-18/;
https://www.nimo.tv/live/2099511?_lang=1057;
https://185.169.252.47/;
https://kingbokep21.com/category/bokep-indo/;
https://bokephot.me/;
https://bokep.pro/;
https://simontok.en.softonic.com/android/download;
https://suma.id/lifestyle/teknologi/waspada-bahaya-simontok-dan-aplikasi-tidak-resmi-lindungi-data-dan-privasi-anda-di-2025/;
http://66.29.129.113/category/bokep-jepang/;
https://filmjepangku.live/genre/film-bokep-jepang-sub-indonesia/;
https://playbokep.com.de/category/bokep-jepang/;
https://bokepojol.it.com/category/bokep-jepang;
https://bokepboxtv.it.com/;
https://bokep31.in.net/category/bokep-indo/;
https://onlybokep.com/category/indonesia/;
https://bokepidaman.com/;
https://drbokep.page/videocategory/bokep-indonesia/;
https://bebasindi.it.com/category/bokep-indo;
https://www.sexchatindonesia.com/;
https://meetyou.me/indonesia-free-online-chat-rooms;
https://chat-to-strangers.com/id/freechatnow/;
https://chatib.net/id/;
https://www.juicychat.ai/id;
https://yesichat.com/best-indonesia-free-online-chat-room;
https://chatiwi.com/id-ID/chat-seks;
https://www.lustmaker.com/id/;
https://lemoncams.com/indonesia;
https://id.stripchat.com/search/indonesia;
https://ohmegull.com/id/;
https://ruangkomputer.com/8-situs-web-chatting-dewasa-seperti-omegle/;
https://cammatch.io/id/;
https://www.heyy.tv/index-Indonesia.html;
https://anoncam.com/id/;
https://azarlive.com/id/;
https://monkeyapp.store/id/;
https://chatib.chat/id/;
https://jogja.tribunnews.com/2016/10/22/mengapa-disebut-blue-film-ini-sejarahnya;
https://bedah.id/film-biru-indonesia-memahami-fenomena-dan-dampaknya/;
https://www.wikimedan.com/read/3-teori-menarik-kenapa-film-dewasa-disebut-film-biru-bukan-film-merah-hijau-atau-warna-lain/;
https://wolipop.detik.com/entertainment-news/d-6292508/10-film-dewasa-netflix-khusus-usia-18-buat-nonton-bareng-pasangan;
https://www.inilahjambi.com/inilah-sembilan-bintang-tercantik-dalam-jagad-film-biru/;
https://barisan.co/apa-itu-film-blue-atau-film-biru-ini-sejarah-dan-alasannya/;
https://www.reviewtekno.com/apa-itu-film-biru/;
https://www.jambiseru.com/entertainment/film/08/09/film-biru-misteri-dan-keindahan-lautan;
https://asianwiki.com/Blue_(Japanese_Movie);
https://showpoiler.com/pemain-blue-painful-fragile/;
https://kompak.or.id/situs-dewasa-yang-tidak-diblokir-oleh-kementerian-komunikasi-dan-informatika-kominfo-sekarang-komdigi/;
https://www.identif.id/cara-menonton-film-biru-di-chrome/;
https://momsmoney.kontan.co.id/news/khusus-dewasa-7-film-dewasa-ini-penuh-adegan-tanpa-sensor-loh;
https://www.cnnindonesia.com/teknologi/20240709081525-192-1119067/10-situs-dewasa-paling-banyak-ditonton-sedunia-pornhub-bukan-nomor-1;
https://id.wizcase.com/blog/membuka-blokir-konten-porno-dari-mana-saja/;
https://162.244.95.216/semi-sub-indo/;
https://imhentai.tv/;
https://ihentai.com/;
https://hentai.tv/;
https://www.nakal.me/category;
https://manhwadesu.lat/;
https://multhentai.org/;
https://doujinsex.com/;
https://bacadoujin.com/;
https://moeimg.fan/;
https://hanime.video/browse;
https://erorealm.com/;
https://hentaihaven.com/;
https://hentaiworld.tv/uncensored/;
https://ophentai.com/;
https://hentaiocean.com/;
https://hentai4k.com/search/raja-hentai-anime-sub-indo/;
https://hanime.tv/?lang=id;
http://www.rajahentai.com/index;
https://hentai2w.com/search/raja-hentai-sub-Indonesia/;
https://hentaidad.com/;
https://rule34.tube/;
https://dirtymaps.com/site/rajahentai.xyz;
https://hentaiking.com/;
https://nhentai.xxx/parody/naruto/?page=1;
https://id.scribd.com/document/866696848/komikin-naruto-di-buat-nikmat-oleh-tsunade-pdf-free;
https://nhentai.net/parody/naruto/?page=10;
https://pixhentai.com/genre/naruto/;
https://hentairead.com/parody/naruto/?sortby=views;
https://hdporncomics.com/tag/parody-narutoo/?sort=likes&sort=date;
https://imhentai.xxx/character/naruto-uzumaki/?page=2;
https://www.simply-hentai.com/series/8-naruto;
https://en.jable.tv/;
https://jav.guru/;
https://supjav.com/;
https://javocean.com/category/jav-sub-indo/;
https://topjav.tv/en;
https://indo18plus.com/genre/jav/;
https://rumahparaperjaka.fun/tag/rumah-perjaka/;
https://javindo.dev/terbaru;
https://haijav.com/sqis-001-perselingkuhan-ibu-rumah-tangga-reiko-kobayakawa/;
https://rajajav.com/;
https://kingjav.id/category/tanpa-sensor/;
https://bokepin.com.de/videos/bokep-jepang;
https://missav123.to/id/v/ssni-232-uncensored-leaked;
https://www.njav.com/id/genre/Tanpa%20sensor;
https://missav.live/id/search/bokep+jav+sub+indo+no+sensor;
https://ruangjav.com/;
https://missav.run/id/tag/Tanpa%20Sensor;
https://xnxxjepang.vip/;
https://en.xnxx.place/search/japan;
https://www.xxnx.kim/id/categories/japanese/;
https://www.xnxx.fit/id/japanese/;
https://id-id.xnxx.place/search/bokep+jepang/;
https://sexocean.net/;
https://www.alohatube.com/%0A;
https://bokepmama.com/tag/korea-selatan;
https://xnxxbokep.net/bokep/korea-selatan;
https://www.sex-hd.xxx/categories/221/doctor?hl=id;
https://indopanasid.top/;
https://www.ujizz.xxx/?hl=id;
https://194.163.154.194/genre/bokep-smp/;
https://185.185.83.34/category/bokep-smp/;
https://lendirqu.cam/tag/bokep-smp/;
https://www.indo18.com/search/smp/?filter=popular;
https://bokephd.pro/category/bokep-smp/;
https://bokepsmp.vip/category/bokep-smp/;
https://bokephot.pro/category/bokep-smp/;
https://bokeps.it.com/ngentot-memek-perawan-pelajar-smp-bokephub-65031;
https://164.68.106.43/tag/bokep-smp/;
https://bokepindoh.uno/category/terbaru/;
https://bokeptime.com/;
http://javidq.com/;
https://missavtv.com/id/genres;
https://twojav.com/id;
https://javfilms.com/;
https://jav3d.com/id/;
https://javideo.net/en/;
https://skdesu.com/id/daftar-situs-dewasa-jepang/;
https://i-ryan.com/id/%e6%88%90%e4%ba%ba%e7%b6%b2%e7%ab%99%e6%8e%a8%e8%96%a6-id;
https://bokepsemok.com/;
https://logic.co.id/3-situs-dewasa-yang-tidak-diblokir-di-indonesia/;
https://www.porzo.com/category/indonesian;
https://m-xnxx.com/;
https://beeg.tv/;
https://xxxshake.com/;
https://xnxx.dev/;
https://zzztube.com/hot/;
https://pornxxx.tube/;
https://redporn.porn/;
https://www.yhprn.com/;
https://dicrotin.com/;
https://id.faphouse.com/;
https://www.filmeleporn.com/page/lang/indonesia/;
https://indobokep.me/;
https://bokepindohd.pro/category/bokep-indo;
https://xhamster19.com/search/hindi+kamasutra;
https://xhamster3.com/tags/kamasutra;
https://www.xvideos.tube/tags/kamasutra;
https://www.4tube.com/category/kamasutra;
https://xnxx.health/search/kamasutra;
https://www.ixxx.com/c/kamasutra;
https://asupanceritadewasa.com/;
https://susubiru.com/;
https://rayuanmalam.com/category/cerita-18/;
https://telahdewasa.com/;
https://ngesex.org/;
https://m.penana.com/tag?name=ceritadewasa&order=latest;
https://cerita21plus.com/;
https://gairahdewasa.com/category/cerita-sex/;
https://kisahbecek.com/;
https://mesum69.org/;
https://xingbokep.tv/categories/bokep-jepang/;
https://javsubtitled.com/id/videos;
https://bokepindo.video/tag/bokep-jepang-sub-indo-no-sensor/;
https://www.ngecrots.com/category/bokep-jepang/;
https://bokepjepang.me/category/bokep-jepang/;
https://bokepviral.asia/category/bokep-japan/;
https://vjav.com/;
https://xhamster.com/newest;
https://www.youporn.com/;
https://www.fuq.com/;
https://www.porntube.com/;
https://www.pornslash.com/;
https://www.bang.com/;
https://www.xxx.xxx/id/;
https://thebestfetishsites.com/indonesian-porn-sites/;
https://www.pornsitesnow.com/id/;
https://mxbokep.org/;
https://www.thepornblender.com/id/;
https://www.mypornlist.net/id/category/premium-porn-sites/;
https://mundobytes.com/id/10-situs-porno-gratis-terbaik-tahun-ini/;
https://www.sexm.xxx/videos?hl=id;
https://id.thepornlinks.com/blog/film-porno-terbaik/;
https://www.tiava.com/category/indonesian;
https://theporndude.com/id;
https://www.eporner.com/tag/indonesia/;
https://sexbule.xxx/porn-videos/421545/kumpulan-bokep-indonesia-berdurasi-panjang;
https://www.xvideos.com/?k=film+porno+durasi+panjang;
http://128.199.175.251/tag/barat-durasi-panjang;
https://tantenakal.net/video/tag/bokep-durasi-panjang/;
https://www.avrebo.com/id-ID/long-video;
https://xxxkai.com/video/bokep-durasi-panjang-indo;
https://bokepindonesia.me/xxx/durasi-panjang;
https://pornkai.com/videos?q=indo-durasi-panjang;
https://bokepcrot.courses/category/bokep-barat;
https://m1sex.com/category/bokep-barat/;
https://vibokep.in.net/category/bokep-barat/;
https://www.xnxx.com/search/barat%20cantik;
https://id.xhamster.com/search/barat+sub+indo;
https://www.pornhub.com/video/search?search=sex+barat;
https://nokephub.com/video-category/barat/;
https://id.xhamster.desi/;
https://bokepbarat.me/;
https://jambulmemek.digital/category/bokep-barat/;
https://duniafinansial.com/detail/471/11-cara-download-film-gratis-legal--aman;
https://lifestyle.bisnis.com/read/20230705/254/1672019/10-cara-download-film-di-laptop-dan-hp-gampang-serta-cepat;
https://jurnal.untan.ac.id/index.php/jfh/article/view/81424;
https://www.merdeka.com/artis/rekomendasi-25-situs-nonton-legal-anti-pembajakan-sebagai-pengganti-idlix-yang-berisiko-tinggi-345528-mvk.html;
https://digital.viva.co.id/laptop/2393-nonton-film-bajakan-aman-nggak-buat-laptop-ini-fakta-yang-perlu-kamu-tahu;
https://www.hasiltani.id/hukum-menonton-film-bajakan-di-situs-ilegal/;
https://thetvdb.com/series/zona-merah/allseasons/official;
https://mantrasukabumi.pikiran-rakyat.com/entertainment/pr-208871196/nonton-serial-zona-merah-full-episode-1-8-di-vidio;
https://www.suara.com/entertainment/2024/11/25/160850/link-nonton-zona-merah-saat-aghniny-haque-bertarung-lawan-mayat-hidup;
https://21cineplex.com/;
https://www.imdb.com/list/ls529417138/;
http://139.59.2.57/;
http://167.172.81.40/;
https://www.dailymotion.com/video/x9ucd6k;
https://m.21cineplex.com/id/movies/15ALMP;
https://www.moviefone.com/movie/agak-laen/p6IGACZmInv1c5SVzkZML/where-to-watch/;
https://tangerang.viva.co.id/ragam/3069-cara-nonton-film-agak-laen-bukan-di-lk21-rebahin-dan-idlix;
https://id.ccm.net/download/;
https://teknodaily.viva.co.id/it/4035-10-aplikasi-downloader-gratis-terbaik-2025-paling-populer-nggak-cuma-idm;
https://duniaperpustakaan.com/2024/12/50-perpustakaan-online-gratis-ini-sediakan-jutaan-e-book.html;
https://hosteko.com/blog/10-website-download-buku-gratis-dan-legal-di-indonesia-sumber-e-book-untuk-mahasiswa-pembaca-setia;
https://ruangmahasiswa.com/info/situs-download-e-book-gratis-dan-legal/;
https://www.kursiguru.id/situs-download-buku-gratis/;
https://www.inilah.com/situs-download-buku-gratis;
https://www.corpnet.net.id/blog/informasi/situs-buku-online-gratis;
https://teknogram.id/cara-download-game-di-laptop/;
https://ggwp.id/gaming/pc/80-daftar-game-pc-gratis-tinggal-download-secara-resmi-dan-mainkan-00-zrzwz-j5m4tp;
https://urbandigital.id/game-gratis-windows/;
https://mesuji.pikiran-rakyat.com/iptek/pr-2868656896/cuma-5-langkah-begini-cara-download-lagu-123-secara-legal;
https://jabejabe.pikiran-rakyat.com/teknologi/pr-3359525876/lagu123-masih-dicari-ini-fakta-situs-download-mp3-gratis-yang-bikin-pengguna-bingung-aman-atau-bahaya;
https://bekasi.inews.id/read/682908/27-link-pengganti-lk21-dan-rebahin-bisa-nonton-tayangan-eksklusif;
https://162.244.93.208/quality/bluray/;
https://www.justwatch.com/id;
https://www.iq.com/movie?lang=id_id;
https://162.244.93.213/quality/bluray/;
https://inet.detik.com/cyberlife/d-8269300/awas-nonton-lk21-dan-indoxxi-bisa-bikin-rekening-ludes-cek-link-aman;
https://www.cnbcindonesia.com/tech/20251209134020-37-692523/lk21-indoxxi-bahaya-ini-24-link-nonton-film-resmi-desember-2025;
https://159.223.57.238/;
http://46.151.24.214/russian-mom-2016/;
http://91.201.115.233/mom-2017/;
http://154.203.162.159/mom-2025/;
https://thelimpcobra.com/dont-tell-mom-the-babysitters-dead-2024/;
https://162.244.93.213/mom-2025/;
http://154.93.73.207/mom-2025/;
https://ahearnschopfer.com/category/semi-barat/;
http://107.152.47.246/mom-2021-rhmk;
http://159.223.69.161/;
https://www.inews.id/lifestyle/film/24-link-alternatif-lk21-berkualitas-hd-bikin-betah-maraton-film;
https://159.223.57.238/;
https://duniaku.idntimes.com/film/internasional/link-legal-alternatif-rebahin-lk21-indoxxi-aman-v3z02-00-b8vrp-8yxhgc;
https://www.rctiplus.com/news/detail/inews/5243366/25-link-alternatif-lk21-terbaru--situs-legal-untuk-nonton-film-favorit-kamu-;
https://www.justwatch.com/id;
https://play.google.com/store/apps/details?id=com.streaming.moviestelugu&hl=id;
https://www.viu.com/ott/id;
https://inet.detik.com/cyberlife/d-8269300/awas-nonton-lk21-dan-indoxxi-bisa-bikin-rekening-ludes-cek-link-aman;
https://ototekno.okezone.com/read/2026/04/07/16/3211110/daftar-10-link-alternatif-pengganti-lk21-dan-rebahin;
https://www.catchplay.com/id/home;
https://156.244.9.25/;
https://inet.detik.com/cyberlife/d-8269300/awas-nonton-lk21-dan-indoxxi-bisa-bikin-rekening-ludes-cek-link-aman;
https://www.idntimes.com/tech/trend/link-alternatif-lk21-indoxxi-idlix-untuk-nonton-film-q9t01-00-s66xw-7lkbqn;
https://www.cnbcindonesia.com/tech/20251209134020-37-692523/lk21-indoxxi-bahaya-ini-24-link-nonton-film-resmi-desember-2025;
https://duniaku.idntimes.com/film/internasional/link-legal-alternatif-rebahin-lk21-indoxxi-aman-v3z02-00-b8vrp-8yxhgc;
https://indopop.id/masih-kemakan-iming-iming-gratis-lk21-dan-indoxxi-pahami-risiko-besar-di-dalamnya;
https://ftnews.co.id/gratis-tapi-berisiko-lk21-dan-indoxxi-intai-data-pribadi-anda;
https://inet.detik.com/cyberlife/d-8087562/indoxxi-dan-lk21-disusupi-malware-curi-data-ini-cara-nonton-aman;
https://rri.co.id/bogor/iptek/2007370/risiko-serius-jika-mengakses-lk21-dan-indoxxi;
https://159.223.57.238/;
http://128.199.78.235/;
http://207.180.246.102/;
http://217.76.53.139/;
https://www.justwatch.com/id;
https://162.244.95.227/;
https://linktr.ee/dunia21.official;
https://jalantikus.com/tips/link-film-di-lk21-dunia21-layarkaca21-indoxxi-berpotensi-melawan-hukum-inilah-list-situs-nonton-resmi-tsai/;
https://duniaku.idntimes.com/film/internasional/link-legal-alternatif-rebahin-lk21-indoxxi-aman-v3z02-00-b8vrp-8yxhgc;
http://154.203.162.62/;
https://inet.detik.com/cyberlife/d-8269300/awas-nonton-lk21-dan-indoxxi-bisa-bikin-rekening-ludes-cek-link-aman;
https://www.rctiplus.com/news/detail/inews/4586273/27-link-alternatif-indoxxi-dan-lk21-yang-legal-untuk-nonton-film-sub-indo;
https://ftnews.co.id/tinggalkan-lk21-dan-indoxxi-ini-link-nonton-aman-dan-legal-tanpa-iklan-dan-bebas-virus;
https://duniaku.idntimes.com/film/internasional/link-legal-alternatif-rebahin-lk21-indoxxi-aman-v3z02-00-b8vrp-8yxhgc;
https://www.cnbcindonesia.com/tech/20251019201026-37-677267/bye-lk21-indoxxi-ini-24-streaming-film-indonesia-resmi-oktober-2025;
https://narasi.tv/read/narasi-daily/50-link-nonton-legal-pengganti-indoxxi-rebahin-idlix-dan-lk21-yang-aman;
https://www.viu.com/ott/id;
https://ahearnschopfer.com/category/movie/;
https://www.justwatch.com/id;
https://www.vidio.com/categories/indonesia;
https://www.justwatch.com/id;
https://tuwaga.id/artikel/situs-nonton-film-indonesia-gratis/;
https://www.telkomsel.com/jelajah/jelajah-lifestyle/15-situs-resmi-online-nonton-film-indonesia;
https://www.idntimes.com/tech/trend/situs-nonton-film-indonesia-legal-q9t01-00-s66xw-vqjxhm;
https://www.akurat.co/infotech/800536/inilah-38-situs-nonton-film-gratis-resmi-yang-mudah-diakses-dan-bebas-malware;
https://dafunda.com/movie/nonton-film-indonesia-gratis/;
https://ketikmedia.com/gaya-hidup/web-nonton-film-indonesia;
https://mataair.or.id/crack-software-itu-sebenarnya-gak-ilegal-fakta-hukum-yang-bikin-pengguna-bingung/;
https://clouden.id/blog/pengertian-crack/;
https://widyasecurity.com/2025/03/18/crack-aplikasi-definisi-tujuan-dan-risiko-yang-mengintai/;
https://id.wikipedia.org/wiki/Perengkahan_perangkat_lunak;
https://www.griyasis.com/5-bahaya-software-crack-atau-bajakan-bagi-pekerja/;
https://www.asdf.id/bahaya-software-crack-mengenal-ancamannya/;
https://gridinsoft.com/crack;
https://almaata.ac.id/risiko-dan-konsekuensi-menggunakan-software-cracking/;
https://www.thrive.co.id/id/article/bahaya-crack-software-hemat-di-awal-rugi-di-belakang;
https://bolster.ai/glossary/cracked-software;
https://bagas31.id/how-to-download/;
https://duniagames.co.id/discover/article/inilah-5-fakta-seputar-website-bagas31-yang-banyak-orang-gak-tau;
https://www.kaskus.co.id/thread/68cbab3fef079e610c00455a/situs-bagas31-pusat-download-gratis-game-pc-di-indonesia;
https://bagas31.id/category/operating-system/;
https://bagas31.id/category/games/;
https://bagas31.web.id/about/;
https://gamebrott.com/bagas31-situs-software-bajakan-populer-di-tanah-air/;
https://kumparan.com/berita-hari-ini/bagas31-ilegal-berikut-4-pilihan-situs-download-software-legal-1tzJkKG990Y;
https://www.reddit.com/r/indonesia/comments/s9unht/mengurangi_resiko_terkena_cyber_attack/;
https://gamebrott.com/bagas31-7-fakta-situs-bajakan-indonesia-yang-merusak-industri-software/;
https://jalantikus.com/tips/download-microsoft-office-2007/;
https://support.microsoft.com/id-id/office/menginstal-office-2007-88a8e329-3335-4f82-abb2-ecea3e319657;
https://dianisa.com/cara-aktivasi-microsoft-office-2007;
https://archive.org/details/Office2007AllInOne;
https://id.wps.com/solusi-office/how-to-get-office-2007-free-in-2025-for-windows-10/;
https://www.tenorshare.com/knowledge/microsoft-office-2007-free-download.html;
https://www.kompasiana.com/zalrizblog/66ddc9cc34777c3b8c244722/cara-install-kembali-microsoft-office-2007-di-laptop-dan-serial-number;
https://jalantikus.com/tips/download-microsoft-office-gratis/;
https://archive.org/details/micosoft-office-2007-enterprise;
https://support.microsoft.com/id-id/office/mengaktifkan-office-2007-63b53f57-3d13-47f8-a8f8-b85b1af725ab;
https://inet.detik.com/cyberlife/d-5121448/bagas31-dan-kuyhaa-ilegal-ini-cara-mudah-mendapatkan-software-legal;
https://jalantikus.com/tips/situs-download-aplikasi-windows-gratis/;
https://www.bagitekno.net/internet/6-situs-terbaik-untuk-download-software-berbayar-secara-gratis-dan-legal.html;
https://jetex.id/blog/en/situs-download-game-pc-bajakan/;
https://www.hops.id/hobi/pr-2942103764/tak-cuma-bagas31-dan-kuyhaa-ini-daftar-situs-software-gratis-wajib-dihindari;
https://id.headtopics.com/news/bagas31-dan-kuyhaa-ilegal-ini-cara-mudah-mendapatkan-software-legal-14807843;
https://gamebrott.com/bagas31-situs-software-bajakan-populer-di-tanah-air/;
https://www.nesabamedia.com/rekomendasi-situs-download-aplikasi-pc/;
https://indogamers.com/news/43128/27082024/jangan-ke-website-download-game-pc-bajakan-ini-7-tempat-download-game-pc-yang-benar-legal-dan-aman;
https://www.wowrack.com/id-id/blog/security-id/crack-software-risiko-yang-perlu-dipahami/;
https://indogamers.com/news/43128/27082024/jangan-ke-website-download-game-pc-bajakan-ini-7-tempat-download-game-pc-yang-benar-legal-dan-aman;
https://duniagames.co.id/discover/article/grup-crack-codex-resmi-hentikan-aksi-pembajakan-game;
https://www.ign.com/articles/resident-evil-requiem-denuvo-drm-fully-cracked-making-it-the-first-2026-game-to-have-its-copy-protection-bypassed;
https://www.thegamer.com/resident-evil-requiem-cracked/;
https://fossbytes.com/list-of-all-popular-games-cracked-by-pirate-groups/;
https://www.techspot.com/news/111897-hypervisor-based-cracks-breaking-denuvo-protections-hours.html;
https://duniagames.co.id/discover/article/grup-crack-codex-resmi-hentikan-aksi-pembajakan-game/en;
https://techpp.com/2026/04/02/best-websites-to-download-free-pc-games/;
https://www.tweaktown.com/news/110787/hypervisor-based-bypasses-defeat-denuvo-with-day-zero-cracks-but-a-countermeasure-is-already-in-the-works/index.html;
https://pk.ign.com/resident-evil-9/253814/news/resident-evil-requiem-denuvo-drm-fully-cracked-making-it-the-first-2026-game-to-have-its-copy-protec;
https://mediaindonesia.com/teknologi/797170/6-bahaya-menggunakan-game-bajakan-jangan-abaikan-risiko-ini;
https://www.kompasiana.com/kharisyonatan0060/69cf71e0c925c469c6056123/hypervisor-dan-game-bajakan-ancaman-baru-yang-bisa-merusak-disk-c-dan-mengambil-alih-komputer;
https://inet.detik.com/games-news/d-8016935/fbi-blokir-situs-game-bajakan-nintendo-switch-rugi-hingga-rp-2-7-triliun;
https://www.idntimes.com/tech/trend/alasan-kenapa-harus-menghindari-game-bajakan-1-00-1zs3z-v068d0;
https://rogcommunity.id/review/game/perbedaan-game-bajakan-dan-original/;
https://jetex.id/blog/en/situs-download-game-pc-bajakan/;
https://www.fentacom.id/5-risiko-download-game-bajakan-di-komputer/;
https://publica.id/bahaya-tersembunyi-game-bajakan-virus-hacker-dan-penambangan-kripto;
https://mistar.id/news/sains-teknologi/bahaya-game-bajakan-virus-hacker-dan-ancaman-cryptojacking;
https://tutorial1001.com/3-situs-download-game-pc-bajakan-paling-populer/;
https://archive.org/download/fifa-19-license-key;
https://shopee.co.id/FIFA-19-PC-GAME-OFFLINE-UPDATE-2024-2025-i.644589107.22663020239;
https://www.cdkeysforgames.com/games/ea-games/fifa-19/;
https://www.reddit.com/r/PiratedGames/comments/16mfxu6/fifa_19/;
/videos/riverview/relatedvideo?q=cracked+key+game+fifa+19+pc&setlang=id&cc=ID&cvid=acc5b5c87dbe5f35fec4dc292cf2aaa3&ru=%2fsearch%3fq%3dcracked%2520key%2520game%2520fifa%252019%2520pc%26setlang%3did%26cc%3dID%26cvid%3dacc5b5c87dbe5f35fec4dc292cf2aaa3&mmscn=vwrc&mid=0D10286251202DBA4D260D10286251202DBA4D26&FORM=WRVORC&ntb=1&msockid=93b56a8c369111f191792766e44cad62;
https://www.g2a.com/fifa-19-ultimate-edition-pc-ea-app-key-global-i10000156517009?msockid=15436e53074962c71132796a06746351;
https://www.tokopedia.com/find/fifa-19-pc;
https://smartcdkeys.com/en/buy-fifa-19-pc-cheap-cd-key;
https://crackwatcher.com/;
https://cdkeyprices.com/item/fifa-19-cd-key-all;
https://www.tokopedia.com/find/overwatch-key;
https://www.g2g.com/id/categories/overwatch-2-gift-cards;
https://overwatch.blizzard.com/en-us/;
https://indogamers.com/guides/41295/22072024/link-download-overwatch-harga-dan-spesifikasi-minimal-pc-untuk-memainkannya;
https://www.cdkeysforgames.com/games/battle-net-games/overwatch/;
https://www.crackwatcher.com/game/overwatch;
https://gameskeys.net/product/overwatch/;
https://www.reddit.com/r/Overwatch/comments/4kvhu1/roverwatch_pc_origins_key_giveaway/;
https://cwwatch.net/overwatch/;
https://www.wowrack.com/id-id/blog/security-id/crack-software-risiko-yang-perlu-dipahami/;
https://pixabay.com/id/music/search/lagu%20gratis/;
https://mediaindonesia.com/teknologi/723453/10-cara-download-lagu-mp3-gratis-aman-dan-legal;
https://inet.detik.com/cyberlife/d-7019604/7-situs-download-lagu-mp3-gratis-dan-legal-dijamin-aman;
https://www.telkomsel.com/jelajah/jelajah-lifestyle/mau-download-lagu-mp3-gratis-dan-legal-ikuti-6-cara-ini;
https://narasi.tv/read/narasi-daily/7-situs-link-download-lagu-mp3-legal-dan-aman-di-indonesia;
https://www.msn.com/id-id/hiburan/musik/download-musik-mp3-gratis-dan-legal-7-cara-cepat-dapat-lagu-favorit-tanpa-langganan-streaming/ar-AA1Gjr3z;
https://mediaindonesia.com/teknologi/876709/7-aplikasi-download-lagu-terlengkap;
https://jabar.pikiran-rakyat.com/teknologi/pr-3658626828/15-platform-legal-untuk-download-lagu-mp3-gratis-dan-aman-dukung-musisi-dengan-cara-tepat;
https://www.liputan6.com/hot/read/4937012/8-situs-download-mp3-gratis-dan-legal-lengkap-cara-mengunduhnya;
https://inet.detik.com/mobile-apps/d-7663241/situs-download-lagu-mp3-gratis-legal-dan-aman;
https://pixabay.com/id/music/search/lagu%20gratis/;
https://www.msn.com/id-id/hiburan/musik/gudang-lagu-mp3-gratis-terbaru-2025-koleksi-lengkap-buat-download-tanpa-ribet/ar-AA1HfdZT;
https://inet.detik.com/cyberlife/d-7019604/7-situs-download-lagu-mp3-gratis-dan-legal-dijamin-aman;
https://play.google.com/store/apps/details?id=com.gudanglagump3gratis.gudangmusiklengkap.mp3musikgratis&hl=en-US;
https://jabar.pikiran-rakyat.com/teknologi/pr-3658459380/gudang-lagu-mp3-mp4-download-gratis-mudah-dan-tentu-saja-legal;
https://mediaindonesia.com/teknologi/723453/10-cara-download-lagu-mp3-gratis-aman-dan-legal;
https://www.langitmusik.co.id/;
https://ototekno.okezone.com/read/2024/05/02/54/3003501/catat-ini-9-situs-untuk-download-lagu-yang-gratis-aman-dan-legal;
https://www.liputan6.com/hot/read/4937012/8-situs-download-mp3-gratis-dan-legal-lengkap-cara-mengunduhnya;
http://stafaband345.xyz/;
https://sites.google.com/view/metrolagu-mp3/;
https://metrolagu.bio.link/;
https://www.facebook.com/metrolagu123/;
https://melodyinbox.com/;
https://www.reddit.com/r/metrolagu321/comments/16i1xwl/metrolagu_download_lagu_mp3_terbaru_gratis/;
https://www.pantau.com/teknologi-sains/251910/download-lagu-mp3-gratis-di-metrolagu-koleksi-lengkap-cepat;
https://www.nesabamedia.com/apps/id/metrolagu-apk/;
https://sur.ly/i/lagumetro.net/;
https://borneoflash.com/2023/10/27/download-musik-video-youtube-dengan-metrolagu-mp3-juice-y2mate-savefrom-dan-ytmp3/2/;
https://mediaindonesia.com/teknologi/809561/7-situs-download-lagu-mp3-legal-aman-dan-gratis;
https://pixabay.com/id/music/search/lagu%20gratis/;
https://narasi.tv/read/narasi-daily/7-situs-link-download-lagu-mp3-legal-dan-aman-di-indonesia;
https://www.liputan6.com/hot/read/4937012/8-situs-download-mp3-gratis-dan-legal-lengkap-cara-mengunduhnya;
https://www.telkomsel.com/jelajah/jelajah-lifestyle/mau-download-lagu-mp3-gratis-dan-legal-ikuti-6-cara-ini;
https://inet.detik.com/cyberlife/d-7019604/7-situs-download-lagu-mp3-gratis-dan-legal-dijamin-aman;
https://www.detik.com/sulsel/berita/d-6893610/4-situs-download-lagu-mp3-gratis-dan-tanpa-ribet;
https://mediaindonesia.com/teknologi/723453/10-cara-download-lagu-mp3-gratis-aman-dan-legal;
https://www.orami.co.id/magazine/cara-download-lagu-mp3;
https://www.telkomsel.com/jelajah/jelajah-lifestyle/11-tempat-kamu-untuk-download-lagu-mp3-legal;
https://snaptikk.id/id/;
https://snaptik.kim/;
https://teknologi.bisnis.com/read/20260404/84/1964230/cara-download-video-tiktok-tanpa-watermark-lewat-snaptik;
https://mediaindonesia.com/teknologi/876268/6-cara-download-video-tiktok-tanpa-watermark-lewat-snaptik-terbaru;
https://rri.co.id/sintang/gaya-hidup/iptek/1797470/panduan-praktis-memakai-snaptik-untuk-simpan-video;
https://www.msn.com/id-id/berita/other/download-video-tiktok-tanpa-watermark-begini-cara-pakai-snaptik-yang-super-gampang/ar-AA1PR7NF;
https://www.antaranews.com/berita/5022393/begini-cara-repost-dan-download-video-tiktok-hd-tanpa-logo-dengan-snaptik;
https://www.poskota.co.id/2025/08/15/tak-perlu-download-aplikasi-ini-cara-download-video-tiktok-pakai-snaptik-langsung-dari-browser-hp;
https://inet.detik.com/tips-dan-trik/d-6264905/cara-pakai-snaptik-untuk-download-video-tiktok-tanpa-watermark;
https://getmodsapk.com/;
https://apkpure.com/happymod-2025/com.happymod.apk;
https://happymod.en.uptodown.com/android;
https://happymod-bk5.en.softonic.com/android;
https://platinmods.com/;
https://www.playmods.app/;
https://9mod.com/;
https://happy-mod.io/;
https://apkdone.com/;
https://happy-mod.io/;
https://happymod.id/en/download/;
https://happy-mod.com/id/unduh/;
https://happymod.id.uptodown.com/android;
https://apkpure.com/id/happymod-2025/com.happymod.apk/download;
https://happymoddapk.com/id/;
https://happymod.gg/id/download/;
https://happy-mod.com/id/;
https://happymod.lol/;
https://happymod-bk5.en.softonic.com/android;
https://virenial.com/teknologi/vr-19459/19love-me-apk-mod-2024;
https://quipper.co.id/19love-me-mod-apk/;
https://jerin.id/19love-me-apk/;
https://satupersen.co.id/19love-me-apk/;
https://apkpure.com/19-love-me-live/com.kucuk.loveme19.live.tips/download;
https://www.rancakmedia.com/tekno/22780/19-love-me-apk-mod-pro-versi-terbaru/;
https://apkpure.net/id/19-love-me-live/com.kucuk.loveme19.live.tips;
https://www.teknobgt.com/137205/19love-me.html;
https://www.receh.net/19love-me-mod-apk-terbaru/;
https://ytube.id/19love-me-apk/;
https://duniagames.co.id/discover/article/game-dengan-mod-terbaik/en;
https://www.wemod.com/id;
https://www.listpoin.com/2025/01/game-yang-bisa-di-mod-android.html;
https://cultofpc.net/2025/08/22/mod-game-terbaik-yang-harus-dicoba/;
https://playgama.com/id/permainan/gmod-sandbox;
https://www.idntimes.com/tech/games/game-fps-terbaik-dengan-dukungan-mod-00-1zs3z-f62cg8;
https://lampost.co/teknologi/game-mod-gratis-terbaik-mudah-dimainkan/;
https://row.haluan.co/2024/08/20/lima-game-terbaik-yang-mendukung-mod-dan-wajib-dicoba/;
https://id.azzamods.com/;
https://gamebrott.com/game-ramah-modder-terbaik/;
https://9mod.com/spotify.html;
https://apkpure.com/id/howto/how-to-download-spotify-premium-mod-on-android;
https://daftarilmu.com/apps/spotify/;
https://letsmods.com/apps/spotify;
https://apkdone.com/spotify-mod/;
https://spotiffymodapk.com/;
https://www.kapanlagi.com/feeds/cara-download-spotify-mod-panduan-lengkap-dan-risiko-yang-perlu-diketahui-07a154ba2b.html;
https://tekno.kompas.com/read/2024/11/29/07010097/aplikasi-spotify-mod-diberantas-pengguna-nakal-langsung-mental;
https://www.tempo.co/digital/aplikasi-bajakan-spotify-mod-di-android-dinonaktifkan-1174772;
https://spotiffyapks.com/spotify-mod-apk-premium-unlocked/;
https://www.vidio.com/categories/vidio-nonton-gratis;
https://dafunda.com/movie/nonton-film-indonesia-gratis/;
https://tuwaga.id/artikel/situs-nonton-film-indonesia-gratis/;
https://www.justwatch.com/id;
https://jalantikus.com/tips/aplikasi-nonton-film-gratis-android/;
https://www.startindonesia.com/tv.htm;
https://www.viu.com/ott/id;
https://www.iq.com/?lang=id_id;
https://www.liputan6.com/showbiz/read/6208756/aplikasi-film-gratis;
https://mediaindonesia.com/teknologi/803106/24-situs-nonton-film-gratis-terbaik-2025-legal--aman;
https://tvbersama168.com/;
https://www.vidio.com/live;
https://www.squidtv.net/asia/indonesia/;
https://m.vidio.com/@tv.bersama/channels;
https://www.rctiplus.com/tv/rcti;
http://www.vidio.com/;
https://www.indihometv.com/;
https://nontontv.vidio.com/;
https://www.transtv.co.id/live;
https://apkpure.com/id/tv-bersama-mobile-tv-indonesia/com.tv.bersama.mobile.indonesia;
https://www.bola88wap.com/;
https://bola88.ch/daftar-bola88/;
https://hitbusinessnews.com/daftar-bola88-panduan-lengkap-registrasi-akun-dengan-mudah/;
https://bola88.company/;
https://57.128.222.131/bola88-agent/;
https://bola88.ac/daftar-bola88/;
https://bola88.uk.com/;
http://159.203.44.44/slotbola88/;
https://rubrika.co.id/cara-membuat-akun-bola88/;
https://bolalive88.art/register;
https://jalalivegratis.icu/;
https://www.vidio.com/categories/football;
https://ftnews.co.id/gak-perlu-langganan-5-situs-streaming-sepak-bola-resmi-dan-gratis;
https://www.pricebook.co.id/article/game_apps/8265/aplikasi-tv-online-untuk-live-streaming-bola-gratis;
https://bola.bisnis.com/read/20240815/402/1781426/4-situs-live-streaming-bola-gratis-bisa-diakses-pakai-hp;
https://gadget.viva.co.id/viral/13843-6-situs-live-streaming-bola-gratis-nonton-sepak-bola-tanpa-ribet;
https://www.goal.com/id/berita/jadwal-tv-siaran-langsung-sepakbola-hari-ini/1qomojcjyge9n1nr2voxutdc1n;
https://www.idntimes.com/sport/soccer/jangan-nobartv-ini-link-live-streaming-bola-terbaik-q9t03-00-qftxr-zdh4fz;
https://mediaindonesia.com/humaniora/770576/live-streaming-bola-gratis-ini-caranya;
https://www.facebook.com/jalalivestreamingindonesia/live_videos/;
https://apkpure.com/id/howto/how-to-download-jalalive-on-mobile;
https://linktr.ee/jalalivetv2;
https://id.jalalive.blog/tournament-jalalive-sepak-bola-indonesia-stars-championship-2025/;
https://www.jalaa27.cc/;
https://www.jalalive22.co.id/index/index/lang.html;
https://jalalive88.co.id/;
https://m.jalaace5.com/;
https://jalalive.bandcamp.com/;
https://jalalivegratis.icu/;
https://nontongp.nontonx.com/;
https://nontongo.net/;
https://194.233.78.22/;
https://www.vidio.com/categories/vidio-nonton-gratis;
https://roketmotor.nontonx.com/;
https://www.justwatch.com/id;
https://nontongo.net/serial-tv/;
https://www.vidio.com/categories/motogp;
https://nontongo.net/drama/;
https://nontongo.info/anime/;
http://154.93.73.121/;
http://217.76.53.139/;
http://pusatfilm21.pw/;
https://159.223.55.12/;
http://206.189.144.178/;
http://154.93.73.211/;
http://207.180.246.102/pusatfilm21/;
https://www.nesabamedia.com/apps/id/pusatfilm21-apk/;
https://www.bilibili.tv/id/space/1512216272;
https://156.244.5.113/;
https://www.facebook.com/@dutamovi21/;
https://www.justwatch.com/id;
https://t.me/dutamovie21_grup/5;
https://tv.yandex.com/video/search?text=dutamovie21;
https://sur.ly/i/dutamovie21.com/;
https://162.244.95.233/dutafilm/;
https://162.244.93.213/dutafilm21/;
https://www.tiktok.com/@dutamovie21;
https://38.60.136.105/;
http://154.93.81.13/;
http://46.151.24.214/dutafilm/;
https://38.60.136.105/;
http://154.93.73.231/;
https://www.justwatch.com/id;
https://www.vidio.com/@dutafilms/videos;
https://156.244.5.113/;
https://apkpure.com/id/dutafilm/com.virmana.dutafilm/download;
https://www.viu.com/ott/id/id/category/308/Film;
https://duniaku.idntimes.com/film/internasional/dutafilm-ilegal-ini-situs-nonton-film-bioskop-terbaru-v3z02-00-b8vrp-9fs302;
http://157.245.31.175/;
https://www.iq.com/movie?lang=id_id;
https://www.justwatch.com/id;
http://154.203.162.243/;
https://154.205.129.11/;
http://198.105.112.102/filmapik/;
https://162.244.93.208/film-apik/;
http://217.76.53.139/film-apik/;
https://www.viu.com/ott/id/id/category/308/Film;
http://161.35.161.167/;
https://109.122.222.201/ganool/;
https://162.244.95.215/ganool/;
http://154.93.73.171/;
https://162.244.95.233/ganool/;
https://www.justwatch.com/id;
https://162.244.93.213/ganool/;
http://198.105.112.102/ganool21/;
https://162.244.93.208/;
https://dafunda.com/tekno/alamat-situs-ganool-terbaru/;
http://154.203.183.91/;
http://46.151.24.214/bioskopkeren/;
https://bioskopkeren.id/;
http://207.180.246.102/bioskopkeren/;
https://www.justwatch.com/id;
http://198.105.112.102/bioskopkeren/;
https://www.idntimes.com/tech/trend/bioskopkeren-bahaya-ini-situs-nonton-film-terbaru-legal-q9t01-00-2k3g7-sg4fy6;
https://bioskopkeren.id/category/drama/;
https://bioskopkeren.id/category/horror/;
https://www.iq.com/movie?lang=id_id;
https://149.104.110.204/;
http://206.189.91.3/;
https://terbit21.rest/country/indonesia/;
https://162.244.95.227/;
http://46.151.24.214/terbit21/;
https://162.244.93.199/tag/terbit21/;
https://162.244.95.215/terbit21/;
https://162.244.93.213/terbit21/;
https://162.244.93.208/terbit21/;
http://178.62.100.205/;
https://yts-mx.rest/;
https://techpp.com/2026/04/12/yify-yts-proxy-list/;
https://en.wikipedia.org/wiki/YIFY;
https://beencrypted.com/privacy/torrenting/yts-alternatives/;
http://yify-official.world/;
https://privacysavvy.com/security/torrents/is-yify-safe-legal-banned-working/;
https://www.mustips.com/best-yts-yify-alternatives/;
https://t.me/s/ytsmx_updates;
https://www.techbloat.com/end-of-an-era-as-yts-yify-torrent-shuts-down-forever.html;
https://techcult.com/best-yify-or-yts-alternatives/;
https://152.42.163.23/genre/sogafime/;
https://162.244.93.213/sogafime/;
https://68.183.178.215/tag/Sogafime/;
https://162.244.93.208/sogafime/;
https://www.sogafime.website/;
https://154.93.73.206/tag/sogafime/;
https://157.245.202.98/tag/anime/;
https://www.justwatch.com/id;
http://206.189.36.125/tag/sogafime/;
https://gudangilmuid.blogspot.com/2025/06/download-film-di-sogafime-mudah.html;
https://play.google.com/store/apps/details?id=com.soccer808.score808.livestreaming&hl=id;
https://wap.yandex.com/search?text=808+live+streaming+bola&lr=21206&msp=1;
https://score808.org/;
https://livescore808.id/live-scores;
http://score808.surf/;
https://score808.com.de/;
https://livesports808.rest/;
https://livescore808.app/;
https://score808.beauty/;
https://www.idntimes.com/sport/soccer/jangan-score808-link-live-streaming-bola-terbaik-q9t03-00-qftxr-016pqn;
https://www.vidio.com/categories/premier-league;
https://www.livesoccertv.com/id/competitions/england/premier-league/;
http://okestream.bond/;
https://www.bola.net/inggris/;
http://okestream.co.id/;
https://www.bola.com/inggris/read/5583007/link-live-streaming-lengkap-liga-inggris-malam-ini-tonton-keseruannya-di-vidio;
https://www.inews.id/playlists/30-link-live-streaming-liga-inggris-resmi-dengan-kualitas-hd-dan-legal;
https://okestream.in/index2.html;
https://kumparan.com/ragam-info/5-situs-nonton-premier-league-legal-nonton-lebih-aman-25exzsmkEOw;
https://bola.okezone.com/streaming;
https://nobartv.digital/;
https://tvbersama168.com/;
https://nobartv.org/;
https://www.livesoccertv.com/id/;
https://www.vidio.com/categories/football;
https://nobartv.co.id/jadwal-bola;
https://www.idntimes.com/sport/soccer/jangan-nobartv-ini-link-live-streaming-bola-terbaik-q9t03-00-qftxr-zdh4fz;
https://www.bola.com/jadwal-live-streaming/indeks;
https://nobartv.vip/;
https://onefootball.com/id/pertandingan;
https://www.vidio.com/categories/world-cup;
https://www.livesoccertv.com/id/competitions/international/world-cup/;
https://www.erakini.id/sport/era-pAjNo/cara-nonton-bola-live-streaming-gratis-dengan-yandex;
https://www.pantau.com/lifestyle/228058/cara-nonton-live-streaming-bola-di-yandex-terbaru-gak-ribet;
https://www.telkomsel.com/jelajah/jelajah-lifestyle/10-situs-livestream-bola-legal-ada-yang-bisa-gratis;
https://tv.yandex.com/search?text=live+sepak+bola+%2Bmalam+ini&lr=87&missword=1;
https://www.belajarbersamayudha.com/yandex-live-streaming-bola-piala-dunia-2022/;
https://www.plus.fifa.com/en/;
https://teknodaim.com/aplikasi/yandex-live-streaming-bola/;
https://www.tribunnews.com/techno/2022/11/22/yalla-shoot-situs-live-streaming-pertandingan-sepak-bola-piala-dunia-2022-gratis-dan-legal;
https://wap.yandex.com/search?text=808+live+streaming+bola&lr=21206&msp=1;
https://www.livesoccertv.com/id/;
https://livescore808.id/live-scores;
https://www.flashscore.co.id/;
https://www.livescore.in/id/;
https://www.vidio.com/categories/sports;
https://bolasiar.bolasiar.id/;
https://www.livesport.com/id/;
https://www.livescore.com/id/sepak-bola/live/;
https://onefootball.com/id/pertandingan;
https://www.aiscore.com/;
https://apps.apple.com/id/app/aiscore-live-skor/id1477171291?l=id;
https://apkpure.com/id/aiscore-live-sports-scores/com.onesports.score;
https://play.google.com/store/apps/details?id=com.onesports.score&hl=en-US;
https://www.aiscore.com/basketball;
https://m.aiscore.com/id;
https://play.google.com/store/apps/details?id=com.onesports.score&hl=id;
https://www.aiscore.com/live;
https://apps.apple.com/us/app/aiscore-live-sports-scores/id1477171291;
https://apps.apple.com/id/app/aiscore-livescore-for-sports/id1477171291;
https://www.fctv33.my/basketball.html;
https://t.co/v1n52dKsBI;
https://blog.imtvnews.sbs/fctv33-link/;
https://shopee.co.id/FCTV33-PREMIUM-APLIKASI-LIVE-SPORT-GRATIS-i.488730169.40418275277;
https://www.fctv33hd.lat/about-us.html;
https://www.fctv33.com.co/contact-us/;
https://www.ipaddress.com/website/www.fctv33.one/;
https://www.youtube.com/watch?v=QWUiHGMdShU;
https://www.fctv33hd.xyz/ms/football.html;
https://fctv33.app/contact/;
https://www.camel1.to/;
https://www.camellive.top/;
https://camel1.us/;
https://play.google.com/store/apps/details?id=com.camelrn&hl=id;
https://www.appbrain.com/app/camel-live/com.camelrn;
https://camel1.net/faq/;
https://chrome-stats.com/d/com.camelrn;
https://apps.apple.com/us/app/camel-live/id6743193754;
https://apkpure.net/camel-live/com.camelrn;
https://camel1.net/about-us/;
https://tvbersama168.com/;
https://www.livesoccertv.com/id/;
https://www.vidio.com/live;
https://www.telefootball.net/ID/tvs;
https://onl1ne.tvbersama.art/;
https://m.vidio.com/@tv.bersama/channels;
https://www.vidio.com/categories/sports;
https://www.squidtv.net/asia/indonesia/;
https://www.facebook.com/TVBersamaTop/;
http://www.tvbersama.tv/;
https://linktr.ee/rbtv77tv;
https://wap.yandex.com/search?text=rbtv+77+live+football+stream&lr=21206&msp=1;
https://www.idntimes.com/sport/soccer/jangan-rbtv77-ini-link-streaming-bola-tanpa-aplikasi-q9t03-00-qftxr-w9zrgv;
https://www.twitch.tv/rbtv77tv/;
https://apkpure.net/id/rbtv77-hd-tv-streaming/com.sport.rbtv77.stream;
https://apkpure.com/id/rbtv/br.psi.rbt.tv3;
https://rbtv77app.com/contact/;
https://www.hops.id/ototekno/29414903652/nonton-bola-di-score808-dan-rbtv77-ilegal-ini-8-situs-streaming-terbaik-nikmati-liga-inggris-hingga-la-liga;
https://www.wheresthematch.com/rbtv/;
https://play.google.com/store/apps/details?id=br.psi.rbt.tv3&hl=id;
https://bagas-31.com/;
https://bagas31.pw/;
https://www.cnbcindonesia.com/tech/20200710105017-37-171675/bagas31-kuyhaa-dan-deretan-situs-download-software-ilegal;
https://www.youtube.com/watch?v=9McZTFT-3_8;
https://www.facebook.com/bagas31.co/;
https://archive.org/details/bagas-31-windows-xp-service-pack-3;
https://gamebrott.com/bagas31-situs-software-bajakan-populer-di-tanah-air/;
https://www.similarweb.com/website/bagas31.info/;
https://www.tiktok.com/discover/bagas31;
https://twitter.com/bagas31_com;
https://www.semrush.com/website/bagas31.info/overview/;
https://www.easycounter.com/report/bagas31.com;
https://bagas31.id/;
https://bagas31.pro/;
https://bagaas31.com/;
https://bagas31.com.in/;
https://bagas31.my.id/?page=6;
https://bagas3-1.co/;
https://www.behance.net/bagas31pro;
https://bigrit.com/fakta-mencengangkan-situs-bagas31-yang-melegenda/?v=7885444af42e;
https://bagas3-1.id/;
https://www.bagas31.info/category/Information/page/10;
https://www.instagram.com/bagas31com/;
https://baggas31.org/author/bagas31/;
https://tr.pinterest.com/bagas31store/;
https://bagas31.info.in/page/2/;
https://www.crunchbase.com/organization/bagas31;
https://bagas31.start.page/;
https://bagass-311.blogspot.com/;
https://jalantikus.com/apps/bagas31-apps/;
https://code.google.com/archive/p/bagas-31/;
https://hub.docker.com/u/bagas31;
https://bagas31-my.blogspot.com/;
https://www.provenexpert.com/en-us/bagas31/;
https://bagas31.indonesianforum.net/;
http://bagas31.store/;
https://www.bandlab.com/bagas31one;
https://steamcommunity.com/groups/bagas31;
https://bagasindonesia123321.medium.com/;
https://bagas31pro.gumroad.com/;
https://vocal.media/writers/bagas31-free-trip-advisor;
https://www.statscrop.com/www/bagas31.com;
https://bagas31.web.id/;
https://github.com/orgs/community/discussions/132098;
https://locarno.live/?but=bagas31;
https://www.whois.com/whois/bagas31.com;
https://inet.detik.com/cyberlife/d-5121448/bagas31-dan-kuyhaa-ilegal-ini-cara-mudah-mendapatkan-software-legal;
https://vk.com/club226427435;
https://bagaas31.blogspot.com/;
https://bagas31.bcz.com/;
https://regrunreanimator.com/newvirus/guide-how-to/remove-www-bagas31-info-forever.htm;
https://gravatar.com/serenec662f3186f;
https://hypestat.com/info/bagas31.com;
https://softwaretested.com/file-library/file/-bagas31-coreldraw-graphics-suite-x7-(64-bit).exe-acresso-software-inc./;
https://www.openadmintools.com/en/bagas31.com/;
https://www.sitelike.org/similar/bagas31.com/;
https://bagas31-couple.blogspot.com/;
https://about.me/bagas31;
https://bagas31-desktop-manager.software.informer.com/;
https://www.ip-tracker.org/lookup.php?ip=Bagas31.com;
https://www.siteprice.org/competitors/bagas31.com;
https://www.moroccobymarrakech.com/windows-11-download-bagas31-windows-11-download-bagas31/;
https://w3.ataiva.com/bagas31.com;
https://en.freedownloadmanager.org/Windows-PC/BAGAS31-Desktop-Manager-FREE.html;
https://xranks.com/alternative/bagas31.pw;
https://b4g4s31.blogspot.com/2016/10/bagas31.html;
https://bagas31-me.blogspot.com/;
https://pulsedive.com/ioc/bagas31.info;
https://www.statshow.com/www/bagas31.com;
https://www.deviantart.com/bagas31id;
https://www.scam-detector.com/validator/bagas31-pro-review/;
https://bagas31idm.blogspot.com/;
https://apkpure.com/bagas31-guide/com.arsitapps.bagas31guide;
https://www.mustat.com/es/bagas31.co;
https://cevyanchahya.blogspot.com/2018/03/review-pada-website-bagas31com.html;
https://who.is/whois/bagas31.com;
https://www.dotabuff.com/players/900804039;
https://gecitkalebelediyesi.com/?id_ID=BAGAS31/;
https://demo-bagas31.blogspot.com/;
https://hola.org/access/bagas31.com;
https://krizsaiserpb.blogspot.com/2012/03/bagas31.html;
https://builtwith.com/bagas31.net;
https://updownradar.com/status/bagas31.org;
https://google-chrome-terbaru-bagas31.corylee.io/;
https://www.mobygames.com/user/970567/bagas311/;
https://www.lazada.co.id/tag/bagas31/;
https://opensea.io/0xa93bef52da8e89ff6c1965636c6926bd5e457061;
https://m.ok.ru/profile/591871045505;
https://leboutondeparis.com/?but=bagas31;
https://www.blogpress.id/bagas31/;
https://forum.allkpop.com/suite/user/284506-bagas31/;
https://kevnath.blogspot.com/2014/01/bagas31com-tempatnya-download-software.html;
https://ngurahjayaantara.blogspot.com/2014/02/bagas31com-tempatnya-download-software.html;
https://duniagames.co.id/;
https://id.quora.com/;
https://bagongviral.org/mahasiswa-cantik-viral-pulang-kuliah-servis-om-bagas-gadun-tajir-di-ibu-kota/;
https://kuyhaaa.com/;
https://www.gate31.ru/;
https://m.kaskus.co.id/show_post/53a16b5198e31b753d8b45d5/3085/-;
https://www.cahayaislam.id/cgi-sys/suspendedpage.cgi;
https://v17.kuramanime.ink/;
https://v1.animasu.app/anime/horimiya/;
https://zoronime.live/;
https://honime.com/;
https://www.viu.com/ott/id/articles/anime-sub-indo-wajib-nonton/;
https://kuronime.sbs/;
https://m.meownime.online/index/3;
https://v1.indoanime.org/anime/;
https://kuruminime.com/;
https://adikanime.com/animebatch/;
https://www.iq.com/anime?lang=id_id;
https://v1.nimeindo.net/;
https://www.bilibili.tv/id/anime;
https://samehadaku.care/;
https://tv2.animebagus.com/;
https://shortku.in/kuramanime/;
https://meownime.moe/;
https://v1.samehadaku.how/;
https://kuronime.net/;
https://samehadaku.co/;
https://kiminime.com/;
https://anichin.sbs/;
https://www.youtube.com/playlist?list=PL9QxmwUSdtjf8A3vx_w8SQRD6PnRce2El;
https://anichin.moe/;
https://winbu.net/;
https://animekiid.com/;
https://apkpure.net/vunime-nonton-anime-sub-indo/com.anime.vunime;
https://zonawibu.me/;
https://www.sankavollerei.com/download/anime/;
https://www.donghuazone.com/;
https://otakudesu.best/ongoing-anime/page/3/;
https://superapp.id/blog/lifestyle/situs-download-anime/;
https://dafunda.com/otaku/situs-download-anime-sub-indo-terbaik/;
https://gerakin21.cloud/category/anime-sub-indo/;
https://anichin.cafe/;
https://tv1.animisme.net/genre/fantasi/;
https://donghuastream.org/;
https://tv.saikonime.com/home;
https://otakudesu.pro/;
https://layarnime.sbs/;
https://animeindo.skin/home;
https://wagam.net/anime;
https://www.meguminime.com/;
https://anoboy.gg/;
https://adikanime.carrd.co/;
https://www.scnime.eu.org/;
https://animasu.care/;
https://animexin.dev/;
https://indoanime.net/anime/naruto-shippuuden/;
https://androbuntu.com/situs-download-anime/;
https://otakudesu-tv.com/;
https://anichin.cafe/?MA;
https://s2.animekuindo.life/;
https://www.nanime.in/;
https://coba.oploverz.ltd/;
https://landing.layarotaku.id/;
https://tv3.nontondrama.my/one-piece-season-2-episode-1-2023;
https://anigo.to/home;
https://muranime.com/anime;
https://hianime.re/home;
https://www.animeindo.id/;
https://dutafilm.wiki/;
https://animejepang.com/;
https://tv.lk21official.love/genre/animation;
https://samehadaku.se/;
https://dragonime.com/;
https://gofaku.com/;
https://anichin.com.co/;
https://sokuja.id/anoboy/;
https://sankanime.com/;
https://s25.anichin.blog/;
https://otakudesu.la/series/one-piece/;
https://kazefuri.id/;
https://tv12.idlixku.com/;
https://stefanpinto.com/;
https://tv.adikfilm.bond/;
https://samehadaku.stream/;
https://www.nontonanimeindo.id/;
https://vibenime.com/;
https://animesuge.com/;
https://anichin.watch/donghua/?status=&type=&order=update;
https://m.wcostream.tv/;
https://animedekho.net/;
https://simkl.com/anime/;
https://www.animeout.xyz/;
https://rebahinxxi3.quest/;
https://anikai.to/home;
https://otakudesu.fit/;
https://otakudesu.io/;
https://samehadaku.fit/;
https://rebahanfilm.net/;
https://4animetv.to/home;
https://tv10.lk21official.cc/;
https://www.lk21nobarin.com/category/anime;
https://otakuwege.com/ongoing;
https://sandiwara.net/anime;
https://zoronime.online/;
https://www.rebahinn.com/;
https://www.google.com/;
https://donghuaanime.in/;
https://dramamod.net/;
https://www.leawo.org/entips/sites-to-download-anime-free-1409.html;
https://www.animesaturn.cx/;
https://themoviedatabases.com/perfeitos-desconhecidos-2025/;
https://en.yummyani.me/;
https://kuriname.com/;
https://berakal.com/download-anime/;
https://ninime.vercel.app/;
https://www.kabaranime.com/2018/05/website-download-anime-sub-indo-terbaik.html;
https://vunime-nonton-anime-sub-indo.en.softonic.com/;
https://fotanian.org/;
https://www.ldplayer.net/apps/anime-sub-indo-on-pc.html;
https://animeindo.plus/;
https://animeplay.org/best-rating/;
https://sokuja.cc/;
https://aanimepp.blogspot.com/;
https://www.doronime.site/animeindo/;
https://anime-go-nonton-anime-channel-sub-indo.en.softonic.com/android/download;
https://www.alqanime.com/;
https://www.dutaxxi.com/anime/;
https://anime4i.com/;
https://softontop.com/animeindo/;
https://naniime.firebaseapp.com/categories/anime/;
https://hxhnime.blogspot.com/;
https://komiku.org/;
https://stspirit.com/;
https://www.animexin.net/;
https://kayoanime.com/;
https://www.appbrain.com/app/anime-sub-indo/com.nontonanimesubindo.v2;
https://shopee.co.id/inspirasi-shopee/nonton-anime-sub-indo/;
https://notionime.com/;
https://animesalt.ac/;
https://www.animeindo.tv/;
https://123anime.to/;
https://perpustakaan-anime.blogspot.com/;
https://mangaku.live/;
https://otakudesu.co.uk/series/nukitashi-the-animation/;
https://ngflix.site/;
https://titik.id/nonton-anime/;
https://dinsosjombang.id/;
https://www.anime-rift.com/;
https://mizubatch.blogspot.com/;
https://otakudesu.moe/;
https://animexinax.com/;
https://animeepisodeseries.net/;
https://wigita.com/category/sub-indo/;
https://www.animeunity.so/;
https://anikaitv.to/home;
https://artikel.rumah123.com/aplikasi-nonton-anime;
https://www.anidraw.net/p/download-anime-batch-sub-indo-full-hd.html;
https://ww1.anoboy.boo/;
https://subanimes.org/;
https://www.insitefulsurveys.com/;
https://nxprime.in/home.html;
https://animeflix.uno/;
https://anisave.web.app/;
https://fuyunime.com/;
https://animeindo.online/;
https://bachnime.blogspot.com/;
https://bosmeal.com/nonton-anime/;
https://animedao.com/;
https://bungdus.com/moenime/;
https://animevietsub.pro/;
https://otakudesu.id/;
https://archive.org/details/AnimeSubtitleIndonesiaNontonSamehadakuAnime21.co;
https://playmods.net/id/apps/animedesu---nonton-dan-download-anime-sub-indo/me.phantomx.animedesu;
https://tirto.id/situs-dan-aplikasi-untuk-nonton-anime-ini-yang-gratis-haNN;
https://www.snowcruise-onze.com/;
https://myanimelist.net/;
https://lk21.subindo.co.uk/;
https://muti21.cc/thrash-2026/;
https://hianime.id/?page=1;
https://hianime.ph/home;
https://app.kudwunung.org/film-barat/page/2/;
https://anime-bit.ru/;
https://app.adcam.org/film-barat/page/6/;
https://samedahaku.blog/;
https://kuramanime-id.blogspot.com/;
https://aniyolo.com/;
https://tekingame.indozone.id/gadget/921035294/daftar-situs-download-dan-nonton-anime-sub-indo-terlengkap-kualitas-hd;
https://www.videoconverterfactory.com/tips/download-anime-free.html;
https://techdator.net/anime-download-sites/;
https://animepahe.si/;
https://apkpure.ph/streaming-anime-sub-indo/com.nontonanime.subindo;
https://mangakyo.me/;
https://store.epicgames.com/id/free-games;
https://www.microsoft.com/id-id/store/top-free/games/pc;
https://id.uptodown.com/windows/games;
https://store.steampowered.com/genre/Free%20to%20Play/;
https://jalantikus.com/gaming/game-pc-terbaik-offline/;
https://jetex.id/blog/website-download-game-pc-gratis/;
https://downloadtanku.me/;
https://igg-games.com/building-pc/page/3;
https://www.gog.com/en/partner/free_games;
https://ankergames.net/trending;
https://www.4fnet.org/;
https://gamejolt.com/games/best?price=free;
https://www.gamegratis33.com/;
https://plarium.com/en/games/category/download-games/;
https://www.gametop.com/category/downloadable.html;
https://www.memuplay.com/id/;
https://www.myrealgames.com/;
https://play.google.com/store/games?device=windows&hl=en;
https://skidrowrepack.com/;
https://www.apunkagames.net/;
https://repack-games.com/;
https://itasikgame.com/;
https://www.yasir252.com/game/;
https://repacklab.com/category/open-world/;
https://www.rgames31.com/ringan/;
https://www.kuyhaa.me/;
https://www.freetogame.com/;
https://en.softonic.com/downloads/games-free;
https://nexusgames.to/;
https://yandex.com/games/;
https://windows.apkpure.com/category/games;
https://hisgames.org/;
https://gamepciso.com/;
https://anygame.net/;
https://www.gamehitzone.com/;
https://www.myplaycity.com/download_free_games/;
https://www.bluestacks.com/top-games.html;
https://toxicgame.net/;
https://www.download-free-games.com/download/cat/freeware;
https://www.rockstargames.com/downloads;
https://download.cnet.com/games/windows/;
https://freegogpcgames.com/;
https://freegamepick.net/en/downloadable/;
https://romspure.cc/roms/;
https://www.eveonline.com/download;
https://www.lifewire.com/free-pc-games-a-to-z-812123;
https://www.skidrowreloaded.com/;
https://www.roblox.com/download;
https://www.gamezfull.com/;
https://osu.ppy.sh/home/download;
https://yanderesimulator.com/download/;
https://tlauncher.org/en/;
https://www.gamestorrents.app/juegos-pc/;
https://romsfun.com/;
https://yandex.com/safety/?url=https://www.gameloop.com/;
https://www.malavida.com/en/windows/cat/games;
https://gamedrive.org/;
https://steamrip.com/top-games/;
https://gog-games.to/;
https://toxicgame.net/category/pc/games;
https://peskgames.com/en/pc-games/;
https://archive.org/;
https://oldgamesdownload.com/;
https://www.worldsrc.net/games/;
https://www.movavi.com/learning-portal/sites-to-download-free-pc-games.html;
https://rekomended.com/apps/list/situs-download-game-pc/;
https://coolrom.com/;
https://www.youtube.com/watch?v=Kov0p59fcBo;
https://toomkygames.com/;
https://torgamez.org/;
https://game3rb.com/;
https://yandex.com/safety/?url=https://www.filehorse.com/;
https://www.softonic-id.com/windows/game;
https://game-hub.org/game/;
https://worldofpcgames.com/;
https://gamesnostalgia.com/;
https://www.astatix.com/;
https://www.fortnite.com/;
https://www.wemod.com/;
https://gamepcfull.com/;
https://megagames.com/free-games;
https://www.capcut.com/id-id/resource/pc-games-download-sites;
https://telset.id/games/situs-download-game-pc-gratis/;
https://lunime.itch.io/gacha-life;
http://www.freegamepick.com/;
https://carisinyal.com/situs-download-game-pc-gratis/;
https://ipcgames.com/;
https://pcgamestorrents.com/;
https://www.downloadsource.net/c94/games/;
https://gamdie.com/;
https://gamebrott.com/game-pc-ringan-gratis-terbaik-steam/;
https://windows.apkpure.com/google-play-games-beta/download;
https://mamikos.com/info/download-game-pc-offline-ringan-gratis-gnr/;
https://droidcoast.com/;
https://www.crazygames.com/;
https://www.coregames.com/download;
https://acid-play.com/;
https://www.gameranger.com/;
https://unpackgames.com/game/;
https://www.acerid.com/predator/situs-download-game-pc-gratis-legal;
https://www.flipline.com/freegames.html;
https://en.download.it/windows/games;
https://utorrent9.org/;
https://winlator.me/game/;
https://ovagames.net/;
https://eurotrucksimulator2.com/download.php;
https://cg-gamespc.net/;
https://poki.com/;
https://downloadgamestorrents.com/;
https://www.romspedia.com/;
https://www.ziperto.com/pc/pc-games/;
https://gg.deals/games/pc/free/;
https://www.curseforge.com/;
https://oceanofgames.com/;
https://www.pcgamespunch.com/;
https://aha.game/?from=AppAgg.com;
https://www.iwin.com/;
https://windows.apkpure.com/;
https://appimage.github.io/categories/Game;
https://se7en.ws/gta-v/?lang=en;
https://gogunlocked.com/;
https://holyfile.com/games/;
https://www.guildwars2.com/;
https://rexagames.com/;
https://thegamesdownload.net/;
https://www.easyfun.gg/;
https://playhop.com/;
https://www.kongregate.com/en/games;
https://www.gameforlaptop.com/;
https://gametrex.com/;
https://www.minecraft.net/en-us/download;
https://elamigos.games/;
https://www.mumuplayer.com/;
https://goodgamestudios.com/;
https://m365.cloud.microsoft/;
https://www.fares.top/;
https://fallout.bethesda.net/;
https://allwebgames.com/;
https://5play.org/en/;
https://www.innersloth.com/games/among-us/;
https://fivem.net/;
https://www.gratis.com/;
https://citra-emulator.com/3ds-roms/;
https://eu.4game.com/;
https://my.games/;
https://www.classicgames.me/ps3/;
https://play.geforcenow.com/;
https://www.gamerpower.com/;
https://4download.net/;
https://mod.io/g;
https://www.hahagames.com/;
https://torrentquest.com/download/games/;
https://www.udemy.com/;
https://torrent-games.link/;
https://endfield.gryphline.com/;
https://worldoftanks.com/;
https://download.id/;
https://nite.games/;
https://romsfun.me/;
https://www.gamersfirst.com/;
https://www.oldversion.com/;
https://gamestatus.info/en;
https://www.sa-mp.mp/downloads/;
https://falcoware.com/;
https://www.freegameempire.com/browse-old-games/only-free-and-for-download/from-a-to-z/page-8;
https://apkpure.net/;
https://farlight84.farlightgames.com/404/;
https://detectivepikac2.itch.io/the-hour-of-joy-demo;
https://repack.games/;
https://alternativeto.net/browse/all/?platform=windows&tag=game-launcher;
https://romslab.com/category/switch-games/page/5/;
https://gamesmods.net/;
https://www.moddb.com/;
https://freecash.com/en;
https://canadiancontent.net/tech/downloads/Games.html;
https://www.nvidia.com/en-eu/geforce-now/download/;
https://www.techradar.com/vpn/best-free-vpn;
https://www.modland.net/;
https://grnd.gg/;
https://www.gearupbooster.com/games/;
https://www.ballistica.net/downloads;
https://racheldrawsthis.itch.io/dead-plate;
https://www.vidio.com/categories/vidio-nonton-gratis;
https://www.iq.com/movie?lang=id_id;
https://www.bilibili.tv/id;
https://www.justwatch.com/id/movies;
https://nomat.store/?C=M;O=A
https://tv2.zonafilm.run/category/action/;
https://idxmovie21.com/;
https://terbit21.rest/;
https://movieloop.ink/;
https://tv.lk21official.app/genre/action/;
https://idnflix.com/;
https://unairi.ac.id/;
https://www.bsstudio.xyz/;
https://www.media.io/id/top-list/movie-websites.html;
https://idlixku.co/;
https://tv13.lk21official.life/;
https://layarbox.com/;
https://tv41.gudangmovies21.chat/;
https://nonton.kd21.shop/;
https://sarangfilm21.my/genre/action/;
https://drakor.kita.mobi/;
https://nontonfilm.website/;
https://sarangfilm21.com/;
https://xpanimes.com/;
https://tantifilm.casa/;
https://jalantikus.com/tips/situs-streaming-film/;
https://dutafilm.in/;
https://tv2.kawanfilm21.co/;
https://www17.filmeonline.biz/;
https://idffi.com/;
https://www3.fsonline.app/film/page/2/;
https://filmbagus.org/;
https://www.youtube.com/playlist?list=PLgTLZSbwbEZwpMmKEHabKYsgUBryObCgP;
http://film-gratis.tv/;
https://app.adcam.org/film-barat/;
https://1moviesz.to/movie;
https://cinegratis.tv/;
https://caligiurilaw.com/;
https://la.movie/;
https://www.yidio.com/movies/filter/free;
https://cb001.uno/;
https://divxfilmeonline.tv/filme-online/;
https://sweet.tv/en/movie;
https://filmflix.ro/;
https://www.delmorelaw.com/country/philippines/;
https://bioskop.bar/;
https://kd21.org/;
https://tugastream.top/filmes/;
https://www.netflix.com/id/;
https://telset.id/ngehits/situs-nonton-film-online;
https://nonton21id.com/;
https://filmeonlinegratis.net/;
https://wishlovequotes.com/;
https://rebahanfilm.net/page/3/;
https://www.ardmediathek.de/filme;
https://lk21.cards/;
https://www.filmamo.it/;
https://tv44.juragan.film/;
https://dunia21official.biz/download-film-gratis/;
https://indoxxifilm.id/;
https://idlix.cam/;
https://indoxxi.cv/;
https://www.ivi.ru/;
https://www.makeuseof.com/free-movie-streaming-sites-no-sign-up/;
https://orika.shop/page/2/;
https://communitystreaming.net/;
https://filmjapan.viralterbaru.wiki/film-jepang/page/4/;
https://medyanef.com/;
https://bioskoplk21.indofilm.in/;
https://www.cinemagia.ro/liste/filme-online-gratis-1362/;
https://goodmovie.us/;
https://maxmovie21.me/;
https://b21.team/;
https://cubmu.com/;
https://www.dutaxxi.com/;
https://filmesdanet.net/;
https://www.hdfilmcehennemi.nl/category/film-izle-2/;
https://sukafilm21.online/;
https://filme-onlines.com/;
https://tv1.galerifilm.xyz/;
https://cinemaindo.icu/;
https://tv.d21.im/;
https://kliknews.id/;
https://tv1.ayononton.app/;
https://adjaranett.com/filmebi/;
https://tv1.filmlokal.me/featured/;
https://filmpertutti.pics/;
https://uzmovi.tv/?hl=ru_RU;
https://filmmovie.net/;
https://layar21kaca.com/;
https://botam.my.id/;
https://www.filmgo2.org/;
https://v3.pusatfilm21info.com/country/indonesia/;
https://sontolfilm.com/;
https://nonton-film.bioskop-lk21.com/;
https://mykadri.tv/filmebi_qartulad/;
https://buguru.wiki/film-jepang-2025-hasrat-duniawi-dibangkitkan-dengan-menghidupkan-kembali-kenangan-lama/;
https://my.mail.ru/community/film_in_italiano/video;
https://thebuzzabee.com/;
https://hd.kinopoisk.ru/;
https://ahearnschopfer.com/;
https://rutube.ru/feeds/movies/;
https://tv.lk21official.team/genre/romance/page/3;
https://topindonesia.wiki/25-film-jepang-romantis-wiwik-terbaik-yang-wajib-ditonton/;
https://baixafilmestorrent.com/;
https://gudangfilm.email/tag/download-film-gratis/;
https://electricianchepstow.com/romance/;
https://www.huazai6.com/dutafilm/;
https://kion.ru/film;
https://1filmyfly.top/?to-page=3;
https://kinogo.md/filmy/;
https://www.topfilmehd.ro/;
https://filme123.ro/;
https://rebahin-indoxxi-idlix-netflix-hotstar-lk21-layarkaca21-dunia21.bioskop21.com.de/;
https://okrek.melbournewire.com/film-barat/;
https://terbit21official.id/;
https://tv.movieon21.mov/;
https://saintif.com/download-film-terbaru/;
https://tv3.nontondrama.my/;
https://nontongo.net/film/;
https://hitvweb.com/in_ID;
https://filmora.wondershare.co.id/youtube/best-free-movies-on-youtube.html;
https://thepcsecure.com/;
https://hdfilme.bid/;
https://www.filmecinema.net/;
https://teknoinside.com/situs-download-film/;
https://pefilme.org/;
https://www.moboreels.com/id;
https://bioskopkeren77.xyz/;
https://movie2k.ch/;
https://www.filmpost.it/film-gratis/;
https://app.film01.org/;
https://app.rajafilm.net/;
https://inet.detik.com/cyberlife/d-6655026/7-aplikasi-nonton-film-gratis-terbaru-dengan-subtitle-indonesia;
https://rebahin.bond/;
https://bioskop2.lk21.in.net/film-indonesia/;
https://vpnoverview.com/id/membuka-blokir/layanan-streaming/situs-streaming-film-gratis/;
https://gofilmeshd.top/;
https://nontonfilm.fc2.net/;
https://www.lk21new.com/;
https://malloryreneephoto.com/;
https://filmpalast.one/;
https://www.nonton25.net/;
https://primexxi.xyz/;
https://moviebox21.com/;
https://terbit21official.fit/;
https://film-stream.cc/;
https://tv4.idflix.id/;
https://oiga.me/;
https://tantifilm.online/;
https://shor.cc/category/action/;
https://tuwaga.id/artikel/nonton-film-gratis-dan-legal/;
https://roxy21.com/;
https://filmow.com/filmes-gratuitos/;
https://www.facebook.com/groups/505676720295585/;
https://it.chili.com/;
https://garudaxxi.com/;
https://nontonflix.us/page/2/;
https://www.giardiniblog.it/film-streaming-gratis-italiano-siti/;
https://pusatfilm21.pw/country/indonesia/;
https://t88.tancap88.digital/movies/;
https://www.vidmore.com/id/video-playback/free-movies-download/;
https://d21.site/;
https://www.topsevenreviews.com/id/best-western-movies/;
https://www.telkomsel.com/jelajah/jelajah-lifestyle/10-aplikasi-nonton-film-gratis-dan-legal-bukan-lk21;
https://videomin.ws/?q=film+horor+paling+serem+full+horror+movie+bioskop+indonesia;
https://gudangfilm.email/;
https://lk21.mobile/;
https://cdn.pusatfilm21.info/;
https://filmehd.org/;
https://filmqu.com/;
https://5filme.com/;
https://operaverdi.com/country/philippines/;
https://rebahine.wiki/;
https://www.tvigle.ru/catalog/filmy/;
https://lookmovie.fi/home;
https://lk21.center/;
https://kilat21.net/movies;
https://cinetimes.org/collections/films-gratuits/;
https://drakorkita.mobi/;
https://www.juraganfilm.ink/;
https://tv1.ganool.fit/ganool/;
https://www.filmdoo.com/;
https://rebahin.onl/nonton-film-online/;
https://www.insertlive.com/film-dan-musik/20240314120551-25-333193/25-situs-nonton-film-gratis-link-bisa-diakses-sepuasnya;
https://film-grab.com/;
http://filmfra.com/;
https://start.ru/movies;
https://new33.ngefilm.site/;
https://nontonline.net/;
https://www.idntimes.com/tech/trend/rekomendasi-aplikasi-streaming-film-gratis-00-6kn2w-pxls80;
